дщд╖,367,367,7697,╜ї╞░╗ь,*,ед╖┴═╞╗ьед├╩,╕ь┤┤,дщд╖дд,дщд╖,*
дщд╖дд,363,363,7697,╜ї╞░╗ь,*,ед╖┴═╞╗ьед├╩,┤Ё╦▄╖┴,дщд╖дд,дщд╖дд,*
дщд╖длдь,373,373,7697,╜ї╞░╗ь,*,ед╖┴═╞╗ьед├╩,╠┐╬с╖┴,дщд╖дд,дщд╖длдь,*
дщд╖длдэдж,365,365,7697,╜ї╞░╗ь,*,ед╖┴═╞╗ьед├╩,┤Ё╦▄┐ф╬╠╖┴,дщд╖дд,дщд╖длдэдж,*
дщд╖д▒дьд╨,364,364,7697,╜ї╞░╗ь,*,ед╖┴═╞╗ьед├╩,┤Ё╦▄╛Є╖я╖┴,дщд╖дд,дщд╖д▒дьд╨,*
дщд╖дп,366,366,7697,╜ї╞░╗ь,*,ед╖┴═╞╗ьед├╩,┤Ё╦▄╧в═╤╖┴,дщд╖дд,дщд╖дп,*
дщд╖длд├д┐,354,354,7697,╜ї╞░╗ь,*,ед╖┴═╞╗ьед├╩,е┐╖┴,дщд╖дд,дщд╖длд├д┐,*
дщд╖длд├д┐дэдж,356,356,7697,╜ї╞░╗ь,*,ед╖┴═╞╗ьед├╩,е┐╖╧┐ф╬╠╖┴,дщд╖дд,дщд╖длд├д┐дэдж,*
дщд╖длд├д┐дщ,355,355,7697,╜ї╞░╗ь,*,ед╖┴═╞╗ьед├╩,е┐╖╧╛Є╖я╖┴,дщд╖дд,дщд╖длд├д┐дщ,*
дщд╖дпд╞,360,360,7697,╜ї╞░╗ь,*,ед╖┴═╞╗ьед├╩,е┐╖╧╧в═╤е╞╖┴,дщд╖дд,дщд╖дпд╞,*
дщд╖длд├д┐дъ,357,357,7697,╜ї╞░╗ь,*,ед╖┴═╞╗ьед├╩,е┐╖╧╧в═╤е┐еъ╖┴,дщд╖дд,дщд╖длд├д┐дъ,*
дщд╖дпд┴ду,358,358,7697,╜ї╞░╗ь,*,ед╖┴═╞╗ьед├╩,е┐╖╧╧в═╤е┴еу╖┴,дщд╖дд,дщд╖дпд┴ду,*
дщд╖дпд├д┴ду,359,359,7697,╜ї╞░╗ь,*,ед╖┴═╞╗ьед├╩,е┐╖╧╧в═╤е┴еу╖┴г▓,дщд╖дд,дщд╖дпд├д┴ду,*
дщд╖д▒дъду,361,361,7697,╜ї╞░╗ь,*,ед╖┴═╞╗ьед├╩,▓╗╩╪╛Є╖я╖┴,дщд╖дд,дщд╖д▒дъду,*
дщд╖днду,362,362,7697,╜ї╞░╗ь,*,ед╖┴═╞╗ьед├╩,▓╗╩╪╛Є╖я╖┴г▓,дщд╖дд,дщд╖днду,*
дщд╖,368,368,7697,╜ї╞░╗ь,*,ед╖┴═╞╗ьед├╩,╩╕╕ь┤Ё╦▄╖┴,дщд╖дд,дщд╖,*
дщд╖длдщ,369,369,7697,╜ї╞░╗ь,*,ед╖┴═╞╗ьед├╩,╩╕╕ь╠д┴│╖┴,дщд╖дд,дщд╖длдщ,*
дщд╖дхдж,372,372,7697,╜ї╞░╗ь,*,ед╖┴═╞╗ьед├╩,╩╕╕ь╧в═╤╖┴,дщд╖дд,дщд╖дхдж,*
дщд╖дн,371,371,7697,╜ї╞░╗ь,*,ед╖┴═╞╗ьед├╩,╩╕╕ь╧в┬╬╖┴,дщд╖дд,дщд╖дн,*
дщд╖длдь,370,370,7697,╜ї╞░╗ь,*,ед╖┴═╞╗ьед├╩,╩╕╕ь╠┐╬с╖┴,дщд╖дд,дщд╖длдь,*
д╬,666,666,6446,╜ї╞░╗ь,*,е╩╖┴═╞╗ь,╕ь┤┤,д╬д└,д╬,*
д╬д└,659,659,6446,╜ї╞░╗ь,*,е╩╖┴═╞╗ь,┤Ё╦▄╖┴,д╬д└,д╬д└,*
д╬д╩дь,526,526,6446,╜ї╞░╗ь,*,е╩╖┴═╞╗ь,е└╬є╠┐╬с╖┴,д╬д└,д╬д╩дь,*
д╬д╩,498,498,6446,╜ї╞░╗ь,*,е╩╖┴═╞╗ь,е└╬є┤Ё╦▄╧в┬╬╖┴,д╬д└,д╬д╩,*
д╬д└дэдж,491,491,6446,╜ї╞░╗ь,*,е╩╖┴═╞╗ь,е└╬є┤Ё╦▄┐ф╬╠╖┴,д╬д└,д╬д└дэдж,*
д╬д╩дщд╨,484,484,6446,╜ї╞░╗ь,*,е╩╖┴═╞╗ь,е└╬є┤Ё╦▄╛Є╖я╖┴,д╬д└,д╬д╩дщд╨,*
д╬д╦,505,505,6446,╜ї╞░╗ь,*,е╩╖┴═╞╗ь,е└╬є┤Ё╦▄╧в═╤╖┴,д╬д└,д╬д╦,*
д╬д└д├д┐,442,442,6446,╜ї╞░╗ь,*,е╩╖┴═╞╗ь,е└╬єе┐╖┴,д╬д└,д╬д└д├д┐,*
д╬д└д├д┐дэдж,456,456,6446,╜ї╞░╗ь,*,е╩╖┴═╞╗ь,е└╬єе┐╖╧┐ф╬╠╖┴,д╬д└,д╬д└д├д┐дэдж,*
д╬д└д├д┐дщ,449,449,6446,╜ї╞░╗ь,*,е╩╖┴═╞╗ь,е└╬єе┐╖╧╛Є╖я╖┴,д╬д└,д╬д└д├д┐дщ,*
д╬д╟,477,477,6446,╜ї╞░╗ь,*,е╩╖┴═╞╗ь,е└╬єе┐╖╧╧в═╤е╞╖┴,д╬д└,д╬д╟,*
д╬д└д├д┐дъ,470,470,6446,╜ї╞░╗ь,*,е╩╖┴═╞╗ь,е└╬єе┐╖╧╧в═╤е┐еъ╖┴,д╬д└,д╬д└д├д┐дъ,*
д╬д╕ду,463,463,6446,╜ї╞░╗ь,*,е╩╖┴═╞╗ь,е└╬єе┐╖╧╧в═╤е╕еу╖┴,д╬д└,д╬д╕ду,*
д╬д╩ды,519,519,6446,╜ї╞░╗ь,*,е╩╖┴═╞╗ь,е└╬є╩╕╕ь╧в┬╬╖┴,д╬д└,д╬д╩ды,*
д╬д╩дьд╨,512,512,6446,╜ї╞░╗ь,*,е╩╖┴═╞╗ь,е└╬є╩╕╕ь╛Є╖я╖┴,д╬д└,д╬д╩дьд╨,*
д╬д╟двды,568,568,6446,╜ї╞░╗ь,*,е╩╖┴═╞╗ь,е╟евеы╬є┤Ё╦▄╖┴,д╬д└,д╬д╟двды,*
д╬д╟двдь,596,596,6446,╜ї╞░╗ь,*,е╩╖┴═╞╗ь,е╟евеы╬є╠┐╬с╖┴,д╬д└,д╬д╟двдь,*
д╬д╟двдэдж,582,582,6446,╜ї╞░╗ь,*,е╩╖┴═╞╗ь,е╟евеы╬є┤Ё╦▄┐ф╬╠╖┴,д╬д└,д╬д╟двдэдж,*
д╬д╟двдьд╨,575,575,6446,╜ї╞░╗ь,*,е╩╖┴═╞╗ь,е╟евеы╬є┤Ё╦▄╛Є╖я╖┴,д╬д└,д╬д╟двдьд╨,*
д╬д╟двдъ,589,589,6446,╜ї╞░╗ь,*,е╩╖┴═╞╗ь,е╟евеы╬є┤Ё╦▄╧в═╤╖┴,д╬д└,д╬д╟двдъ,*
д╬д╟двд├д┐,533,533,6446,╜ї╞░╗ь,*,е╩╖┴═╞╗ь,е╟евеы╬єе┐╖┴,д╬д└,д╬д╟двд├д┐,*
д╬д╟двд├д┐дэдж,547,547,6446,╜ї╞░╗ь,*,е╩╖┴═╞╗ь,е╟евеы╬єе┐╖╧┐ф╬╠╖┴,д╬д└,д╬д╟двд├д┐дэдж,*
д╬д╟двд├д┐дщ,540,540,6446,╜ї╞░╗ь,*,е╩╖┴═╞╗ь,е╟евеы╬єе┐╖╧╛Є╖я╖┴,д╬д└,д╬д╟двд├д┐дщ,*
д╬д╟двд├д╞,561,561,6446,╜ї╞░╗ь,*,е╩╖┴═╞╗ь,е╟евеы╬єе┐╖╧╧в═╤е╞╖┴,д╬д└,д╬д╟двд├д╞,*
д╬д╟двд├д┐дъ,554,554,6446,╜ї╞░╗ь,*,е╩╖┴═╞╗ь,е╟евеы╬єе┐╖╧╧в═╤е┐еъ╖┴,д╬д└,д╬д╟двд├д┐дъ,*
д╬д╟д╣,638,638,6446,╜ї╞░╗ь,*,е╩╖┴═╞╗ь,е╟е╣╬є┤Ё╦▄╖┴,д╬д└,д╬д╟д╣,*
д╬д╟д╖дчдж,645,645,6446,╜ї╞░╗ь,*,е╩╖┴═╞╗ь,е╟е╣╬є┤Ё╦▄┐ф╬╠╖┴,д╬д└,д╬д╟д╖дчдж,*
д╬д╟д╖дч,652,652,6446,╜ї╞░╗ь,*,е╩╖┴═╞╗ь,е╟е╣╬є╛╩╬м┐ф╬╠╖┴,д╬д└,д╬д╟д╖дч,*
д╬д╟д╖д┐,603,603,6446,╜ї╞░╗ь,*,е╩╖┴═╞╗ь,е╟е╣╬єе┐╖┴,д╬д└,д╬д╟д╖д┐,*
д╬д╟д╖д┐дэдж,617,617,6446,╜ї╞░╗ь,*,е╩╖┴═╞╗ь,е╟е╣╬єе┐╖╧┐ф╬╠╖┴,д╬д└,д╬д╟д╖д┐дэдж,*
д╬д╟д╖д┐дщ,610,610,6446,╜ї╞░╗ь,*,е╩╖┴═╞╗ь,е╟е╣╬єе┐╖╧╛Є╖я╖┴,д╬д└,д╬д╟д╖д┐дщ,*
д╬д╟д╖д╞,631,631,6446,╜ї╞░╗ь,*,е╩╖┴═╞╗ь,е╟е╣╬єе┐╖╧╧в═╤е╞╖┴,д╬д└,д╬д╟д╖д╞,*
д╬д╟д╖д┐дъ,624,624,6446,╜ї╞░╗ь,*,е╩╖┴═╞╗ь,е╟е╣╬єе┐╖╧╧в═╤е┐еъ╖┴,д╬д└,д╬д╟д╖д┐дъ,*
дє,672,672,10458,╜ї╞░╗ь,*,е╩╖┴═╞╗ь,╕ь┤┤,дєд└,дє,*
дєд└,665,665,10458,╜ї╞░╗ь,*,е╩╖┴═╞╗ь,┤Ё╦▄╖┴,дєд└,дєд└,*
дєд╩дь,532,532,10458,╜ї╞░╗ь,*,е╩╖┴═╞╗ь,е└╬є╠┐╬с╖┴,дєд└,дєд╩дь,*
дєд╩,504,504,10458,╜ї╞░╗ь,*,е╩╖┴═╞╗ь,е└╬є┤Ё╦▄╧в┬╬╖┴,дєд└,дєд╩,*
дєд└дэдж,497,497,10458,╜ї╞░╗ь,*,е╩╖┴═╞╗ь,е└╬є┤Ё╦▄┐ф╬╠╖┴,дєд└,дєд└дэдж,*
дєд╩дщд╨,490,490,10458,╜ї╞░╗ь,*,е╩╖┴═╞╗ь,е└╬є┤Ё╦▄╛Є╖я╖┴,дєд└,дєд╩дщд╨,*
дєд╦,511,511,10458,╜ї╞░╗ь,*,е╩╖┴═╞╗ь,е└╬є┤Ё╦▄╧в═╤╖┴,дєд└,дєд╦,*
дєд└д├д┐,448,448,10458,╜ї╞░╗ь,*,е╩╖┴═╞╗ь,е└╬єе┐╖┴,дєд└,дєд└д├д┐,*
дєд└д├д┐дэдж,462,462,10458,╜ї╞░╗ь,*,е╩╖┴═╞╗ь,е└╬єе┐╖╧┐ф╬╠╖┴,дєд└,дєд└д├д┐дэдж,*
дєд└д├д┐дщ,455,455,10458,╜ї╞░╗ь,*,е╩╖┴═╞╗ь,е└╬єе┐╖╧╛Є╖я╖┴,дєд└,дєд└д├д┐дщ,*
дєд╟,483,483,10458,╜ї╞░╗ь,*,е╩╖┴═╞╗ь,е└╬єе┐╖╧╧в═╤е╞╖┴,дєд└,дєд╟,*
дєд└д├д┐дъ,476,476,10458,╜ї╞░╗ь,*,е╩╖┴═╞╗ь,е└╬єе┐╖╧╧в═╤е┐еъ╖┴,дєд└,дєд└д├д┐дъ,*
дєд╕ду,469,469,10458,╜ї╞░╗ь,*,е╩╖┴═╞╗ь,е└╬єе┐╖╧╧в═╤е╕еу╖┴,дєд└,дєд╕ду,*
дєд╩ды,525,525,10458,╜ї╞░╗ь,*,е╩╖┴═╞╗ь,е└╬є╩╕╕ь╧в┬╬╖┴,дєд└,дєд╩ды,*
дєд╩дьд╨,518,518,10458,╜ї╞░╗ь,*,е╩╖┴═╞╗ь,е└╬є╩╕╕ь╛Є╖я╖┴,дєд└,дєд╩дьд╨,*
дєд╟двды,574,574,10458,╜ї╞░╗ь,*,е╩╖┴═╞╗ь,е╟евеы╬є┤Ё╦▄╖┴,дєд└,дєд╟двды,*
дєд╟двдь,602,602,10458,╜ї╞░╗ь,*,е╩╖┴═╞╗ь,е╟евеы╬є╠┐╬с╖┴,дєд└,дєд╟двдь,*
дєд╟двдэдж,588,588,10458,╜ї╞░╗ь,*,е╩╖┴═╞╗ь,е╟евеы╬є┤Ё╦▄┐ф╬╠╖┴,дєд└,дєд╟двдэдж,*
дєд╟двдьд╨,581,581,10458,╜ї╞░╗ь,*,е╩╖┴═╞╗ь,е╟евеы╬є┤Ё╦▄╛Є╖я╖┴,дєд└,дєд╟двдьд╨,*
дєд╟двдъ,595,595,10458,╜ї╞░╗ь,*,е╩╖┴═╞╗ь,е╟евеы╬є┤Ё╦▄╧в═╤╖┴,дєд└,дєд╟двдъ,*
дєд╟двд├д┐,539,539,10458,╜ї╞░╗ь,*,е╩╖┴═╞╗ь,е╟евеы╬єе┐╖┴,дєд└,дєд╟двд├д┐,*
дєд╟двд├д┐дэдж,553,553,10458,╜ї╞░╗ь,*,е╩╖┴═╞╗ь,е╟евеы╬єе┐╖╧┐ф╬╠╖┴,дєд└,дєд╟двд├д┐дэдж,*
дєд╟двд├д┐дщ,546,546,10458,╜ї╞░╗ь,*,е╩╖┴═╞╗ь,е╟евеы╬єе┐╖╧╛Є╖я╖┴,дєд└,дєд╟двд├д┐дщ,*
дєд╟двд├д╞,567,567,10458,╜ї╞░╗ь,*,е╩╖┴═╞╗ь,е╟евеы╬єе┐╖╧╧в═╤е╞╖┴,дєд└,дєд╟двд├д╞,*
дєд╟двд├д┐дъ,560,560,10458,╜ї╞░╗ь,*,е╩╖┴═╞╗ь,е╟евеы╬єе┐╖╧╧в═╤е┐еъ╖┴,дєд└,дєд╟двд├д┐дъ,*
дєд╟д╣,644,644,10458,╜ї╞░╗ь,*,е╩╖┴═╞╗ь,е╟е╣╬є┤Ё╦▄╖┴,дєд└,дєд╟д╣,*
дєд╟д╖дчдж,651,651,10458,╜ї╞░╗ь,*,е╩╖┴═╞╗ь,е╟е╣╬є┤Ё╦▄┐ф╬╠╖┴,дєд└,дєд╟д╖дчдж,*
дєд╟д╖дч,658,658,10458,╜ї╞░╗ь,*,е╩╖┴═╞╗ь,е╟е╣╬є╛╩╬м┐ф╬╠╖┴,дєд└,дєд╟д╖дч,*
дєд╟д╖д┐,609,609,10458,╜ї╞░╗ь,*,е╩╖┴═╞╗ь,е╟е╣╬єе┐╖┴,дєд└,дєд╟д╖д┐,*
дєд╟д╖д┐дэдж,623,623,10458,╜ї╞░╗ь,*,е╩╖┴═╞╗ь,е╟е╣╬єе┐╖╧┐ф╬╠╖┴,дєд└,дєд╟д╖д┐дэдж,*
дєд╟д╖д┐дщ,616,616,10458,╜ї╞░╗ь,*,е╩╖┴═╞╗ь,е╟е╣╬єе┐╖╧╛Є╖я╖┴,дєд└,дєд╟д╖д┐дщ,*
дєд╟д╖д╞,637,637,10458,╜ї╞░╗ь,*,е╩╖┴═╞╗ь,е╟е╣╬єе┐╖╧╧в═╤е╞╖┴,дєд└,дєд╟д╖д╞,*
дєд╟д╖д┐дъ,630,630,10458,╜ї╞░╗ь,*,е╩╖┴═╞╗ь,е╟е╣╬єе┐╖╧╧в═╤е┐еъ╖┴,дєд└,дєд╟д╖д┐дъ,*
дяд▒,671,671,8282,╜ї╞░╗ь,*,е╩╖┴═╞╗ь,╕ь┤┤,дяд▒д└,дяд▒,*
дяд▒д└,664,664,8282,╜ї╞░╗ь,*,е╩╖┴═╞╗ь,┤Ё╦▄╖┴,дяд▒д└,дяд▒д└,*
дяд▒д╩дь,531,531,8282,╜ї╞░╗ь,*,е╩╖┴═╞╗ь,е└╬є╠┐╬с╖┴,дяд▒д└,дяд▒д╩дь,*
дяд▒д╩,503,503,8282,╜ї╞░╗ь,*,е╩╖┴═╞╗ь,е└╬є┤Ё╦▄╧в┬╬╖┴,дяд▒д└,дяд▒д╩,*
дяд▒д└дэдж,496,496,8282,╜ї╞░╗ь,*,е╩╖┴═╞╗ь,е└╬є┤Ё╦▄┐ф╬╠╖┴,дяд▒д└,дяд▒д└дэдж,*
дяд▒д╩дщд╨,489,489,8282,╜ї╞░╗ь,*,е╩╖┴═╞╗ь,е└╬є┤Ё╦▄╛Є╖я╖┴,дяд▒д└,дяд▒д╩дщд╨,*
дяд▒д╦,510,510,8282,╜ї╞░╗ь,*,е╩╖┴═╞╗ь,е└╬є┤Ё╦▄╧в═╤╖┴,дяд▒д└,дяд▒д╦,*
дяд▒д└д├д┐,447,447,8282,╜ї╞░╗ь,*,е╩╖┴═╞╗ь,е└╬єе┐╖┴,дяд▒д└,дяд▒д└д├д┐,*
дяд▒д└д├д┐дэдж,461,461,8282,╜ї╞░╗ь,*,е╩╖┴═╞╗ь,е└╬єе┐╖╧┐ф╬╠╖┴,дяд▒д└,дяд▒д└д├д┐дэдж,*
дяд▒д└д├д┐дщ,454,454,8282,╜ї╞░╗ь,*,е╩╖┴═╞╗ь,е└╬єе┐╖╧╛Є╖я╖┴,дяд▒д└,дяд▒д└д├д┐дщ,*
дяд▒д╟,482,482,8282,╜ї╞░╗ь,*,е╩╖┴═╞╗ь,е└╬єе┐╖╧╧в═╤е╞╖┴,дяд▒д└,дяд▒д╟,*
дяд▒д└д├д┐дъ,475,475,8282,╜ї╞░╗ь,*,е╩╖┴═╞╗ь,е└╬єе┐╖╧╧в═╤е┐еъ╖┴,дяд▒д└,дяд▒д└д├д┐дъ,*
дяд▒д╕ду,468,468,8282,╜ї╞░╗ь,*,е╩╖┴═╞╗ь,е└╬єе┐╖╧╧в═╤е╕еу╖┴,дяд▒д└,дяд▒д╕ду,*
дяд▒д╩ды,524,524,8282,╜ї╞░╗ь,*,е╩╖┴═╞╗ь,е└╬є╩╕╕ь╧в┬╬╖┴,дяд▒д└,дяд▒д╩ды,*
дяд▒д╩дьд╨,517,517,8282,╜ї╞░╗ь,*,е╩╖┴═╞╗ь,е└╬є╩╕╕ь╛Є╖я╖┴,дяд▒д└,дяд▒д╩дьд╨,*
дяд▒д╟двды,573,573,8282,╜ї╞░╗ь,*,е╩╖┴═╞╗ь,е╟евеы╬є┤Ё╦▄╖┴,дяд▒д└,дяд▒д╟двды,*
дяд▒д╟двдь,601,601,8282,╜ї╞░╗ь,*,е╩╖┴═╞╗ь,е╟евеы╬є╠┐╬с╖┴,дяд▒д└,дяд▒д╟двдь,*
дяд▒д╟двдэдж,587,587,8282,╜ї╞░╗ь,*,е╩╖┴═╞╗ь,е╟евеы╬є┤Ё╦▄┐ф╬╠╖┴,дяд▒д└,дяд▒д╟двдэдж,*
дяд▒д╟двдьд╨,580,580,8282,╜ї╞░╗ь,*,е╩╖┴═╞╗ь,е╟евеы╬є┤Ё╦▄╛Є╖я╖┴,дяд▒д└,дяд▒д╟двдьд╨,*
дяд▒д╟двдъ,594,594,8282,╜ї╞░╗ь,*,е╩╖┴═╞╗ь,е╟евеы╬є┤Ё╦▄╧в═╤╖┴,дяд▒д└,дяд▒д╟двдъ,*
дяд▒д╟двд├д┐,538,538,8282,╜ї╞░╗ь,*,е╩╖┴═╞╗ь,е╟евеы╬єе┐╖┴,дяд▒д└,дяд▒д╟двд├д┐,*
дяд▒д╟двд├д┐дэдж,552,552,8282,╜ї╞░╗ь,*,е╩╖┴═╞╗ь,е╟евеы╬єе┐╖╧┐ф╬╠╖┴,дяд▒д└,дяд▒д╟двд├д┐дэдж,*
дяд▒д╟двд├д┐дщ,545,545,8282,╜ї╞░╗ь,*,е╩╖┴═╞╗ь,е╟евеы╬єе┐╖╧╛Є╖я╖┴,дяд▒д└,дяд▒д╟двд├д┐дщ,*
дяд▒д╟двд├д╞,566,566,8282,╜ї╞░╗ь,*,е╩╖┴═╞╗ь,е╟евеы╬єе┐╖╧╧в═╤е╞╖┴,дяд▒д└,дяд▒д╟двд├д╞,*
дяд▒д╟двд├д┐дъ,559,559,8282,╜ї╞░╗ь,*,е╩╖┴═╞╗ь,е╟евеы╬єе┐╖╧╧в═╤е┐еъ╖┴,дяд▒д└,дяд▒д╟двд├д┐дъ,*
дяд▒д╟д╣,643,643,8282,╜ї╞░╗ь,*,е╩╖┴═╞╗ь,е╟е╣╬є┤Ё╦▄╖┴,дяд▒д└,дяд▒д╟д╣,*
дяд▒д╟д╖дчдж,650,650,8282,╜ї╞░╗ь,*,е╩╖┴═╞╗ь,е╟е╣╬є┤Ё╦▄┐ф╬╠╖┴,дяд▒д└,дяд▒д╟д╖дчдж,*
дяд▒д╟д╖дч,657,657,8282,╜ї╞░╗ь,*,е╩╖┴═╞╗ь,е╟е╣╬є╛╩╬м┐ф╬╠╖┴,дяд▒д└,дяд▒д╟д╖дч,*
дяд▒д╟д╖д┐,608,608,8282,╜ї╞░╗ь,*,е╩╖┴═╞╗ь,е╟е╣╬єе┐╖┴,дяд▒д└,дяд▒д╟д╖д┐,*
дяд▒д╟д╖д┐дэдж,622,622,8282,╜ї╞░╗ь,*,е╩╖┴═╞╗ь,е╟е╣╬єе┐╖╧┐ф╬╠╖┴,дяд▒д└,дяд▒д╟д╖д┐дэдж,*
дяд▒д╟д╖д┐дщ,615,615,8282,╜ї╞░╗ь,*,е╩╖┴═╞╗ь,е╟е╣╬єе┐╖╧╛Є╖я╖┴,дяд▒д└,дяд▒д╟д╖д┐дщ,*
дяд▒д╟д╖д╞,636,636,8282,╜ї╞░╗ь,*,е╩╖┴═╞╗ь,е╟е╣╬єе┐╖╧╧в═╤е╞╖┴,дяд▒д└,дяд▒д╟д╖д╞,*
дяд▒д╟д╖д┐дъ,629,629,8282,╜ї╞░╗ь,*,е╩╖┴═╞╗ь,е╟е╣╬єе┐╖╧╧в═╤е┐еъ╖┴,дяд▒д└,дяд▒д╟д╖д┐дъ,*
дшдж,670,670,6866,╜ї╞░╗ь,*,е╩╖┴═╞╗ь,╕ь┤┤,дшджд└,дшдж,*
дшджд└,663,663,6866,╜ї╞░╗ь,*,е╩╖┴═╞╗ь,┤Ё╦▄╖┴,дшджд└,дшджд└,*
дшджд╩дь,530,530,6866,╜ї╞░╗ь,*,е╩╖┴═╞╗ь,е└╬є╠┐╬с╖┴,дшджд└,дшджд╩дь,*
дшджд╩,502,502,6866,╜ї╞░╗ь,*,е╩╖┴═╞╗ь,е└╬є┤Ё╦▄╧в┬╬╖┴,дшджд└,дшджд╩,*
дшджд└дэдж,495,495,6866,╜ї╞░╗ь,*,е╩╖┴═╞╗ь,е└╬є┤Ё╦▄┐ф╬╠╖┴,дшджд└,дшджд└дэдж,*
дшджд╩дщд╨,488,488,6866,╜ї╞░╗ь,*,е╩╖┴═╞╗ь,е└╬є┤Ё╦▄╛Є╖я╖┴,дшджд└,дшджд╩дщд╨,*
дшджд╦,509,509,6866,╜ї╞░╗ь,*,е╩╖┴═╞╗ь,е└╬є┤Ё╦▄╧в═╤╖┴,дшджд└,дшджд╦,*
дшджд└д├д┐,446,446,6866,╜ї╞░╗ь,*,е╩╖┴═╞╗ь,е└╬єе┐╖┴,дшджд└,дшджд└д├д┐,*
дшджд└д├д┐дэдж,460,460,6866,╜ї╞░╗ь,*,е╩╖┴═╞╗ь,е└╬єе┐╖╧┐ф╬╠╖┴,дшджд└,дшджд└д├д┐дэдж,*
дшджд└д├д┐дщ,453,453,6866,╜ї╞░╗ь,*,е╩╖┴═╞╗ь,е└╬єе┐╖╧╛Є╖я╖┴,дшджд└,дшджд└д├д┐дщ,*
дшджд╟,481,481,6866,╜ї╞░╗ь,*,е╩╖┴═╞╗ь,е└╬єе┐╖╧╧в═╤е╞╖┴,дшджд└,дшджд╟,*
дшджд└д├д┐дъ,474,474,6866,╜ї╞░╗ь,*,е╩╖┴═╞╗ь,е└╬єе┐╖╧╧в═╤е┐еъ╖┴,дшджд└,дшджд└д├д┐дъ,*
дшджд╕ду,467,467,6866,╜ї╞░╗ь,*,е╩╖┴═╞╗ь,е└╬єе┐╖╧╧в═╤е╕еу╖┴,дшджд└,дшджд╕ду,*
дшджд╩ды,523,523,6866,╜ї╞░╗ь,*,е╩╖┴═╞╗ь,е└╬є╩╕╕ь╧в┬╬╖┴,дшджд└,дшджд╩ды,*
дшджд╩дьд╨,516,516,6866,╜ї╞░╗ь,*,е╩╖┴═╞╗ь,е└╬є╩╕╕ь╛Є╖я╖┴,дшджд└,дшджд╩дьд╨,*
дшджд╟двды,572,572,6866,╜ї╞░╗ь,*,е╩╖┴═╞╗ь,е╟евеы╬є┤Ё╦▄╖┴,дшджд└,дшджд╟двды,*
дшджд╟двдь,600,600,6866,╜ї╞░╗ь,*,е╩╖┴═╞╗ь,е╟евеы╬є╠┐╬с╖┴,дшджд└,дшджд╟двдь,*
дшджд╟двдэдж,586,586,6866,╜ї╞░╗ь,*,е╩╖┴═╞╗ь,е╟евеы╬є┤Ё╦▄┐ф╬╠╖┴,дшджд└,дшджд╟двдэдж,*
дшджд╟двдьд╨,579,579,6866,╜ї╞░╗ь,*,е╩╖┴═╞╗ь,е╟евеы╬є┤Ё╦▄╛Є╖я╖┴,дшджд└,дшджд╟двдьд╨,*
дшджд╟двдъ,593,593,6866,╜ї╞░╗ь,*,е╩╖┴═╞╗ь,е╟евеы╬є┤Ё╦▄╧в═╤╖┴,дшджд└,дшджд╟двдъ,*
дшджд╟двд├д┐,537,537,6866,╜ї╞░╗ь,*,е╩╖┴═╞╗ь,е╟евеы╬єе┐╖┴,дшджд└,дшджд╟двд├д┐,*
дшджд╟двд├д┐дэдж,551,551,6866,╜ї╞░╗ь,*,е╩╖┴═╞╗ь,е╟евеы╬єе┐╖╧┐ф╬╠╖┴,дшджд└,дшджд╟двд├д┐дэдж,*
дшджд╟двд├д┐дщ,544,544,6866,╜ї╞░╗ь,*,е╩╖┴═╞╗ь,е╟евеы╬єе┐╖╧╛Є╖я╖┴,дшджд└,дшджд╟двд├д┐дщ,*
дшджд╟двд├д╞,565,565,6866,╜ї╞░╗ь,*,е╩╖┴═╞╗ь,е╟евеы╬єе┐╖╧╧в═╤е╞╖┴,дшджд└,дшджд╟двд├д╞,*
дшджд╟двд├д┐дъ,558,558,6866,╜ї╞░╗ь,*,е╩╖┴═╞╗ь,е╟евеы╬єе┐╖╧╧в═╤е┐еъ╖┴,дшджд└,дшджд╟двд├д┐дъ,*
дшджд╟д╣,642,642,6866,╜ї╞░╗ь,*,е╩╖┴═╞╗ь,е╟е╣╬є┤Ё╦▄╖┴,дшджд└,дшджд╟д╣,*
дшджд╟д╖дчдж,649,649,6866,╜ї╞░╗ь,*,е╩╖┴═╞╗ь,е╟е╣╬є┤Ё╦▄┐ф╬╠╖┴,дшджд└,дшджд╟д╖дчдж,*
дшджд╟д╖дч,656,656,6866,╜ї╞░╗ь,*,е╩╖┴═╞╗ь,е╟е╣╬є╛╩╬м┐ф╬╠╖┴,дшджд└,дшджд╟д╖дч,*
дшджд╟д╖д┐,607,607,6866,╜ї╞░╗ь,*,е╩╖┴═╞╗ь,е╟е╣╬єе┐╖┴,дшджд└,дшджд╟д╖д┐,*
дшджд╟д╖д┐дэдж,621,621,6866,╜ї╞░╗ь,*,е╩╖┴═╞╗ь,е╟е╣╬єе┐╖╧┐ф╬╠╖┴,дшджд└,дшджд╟д╖д┐дэдж,*
дшджд╟д╖д┐дщ,614,614,6866,╜ї╞░╗ь,*,е╩╖┴═╞╗ь,е╟е╣╬єе┐╖╧╛Є╖я╖┴,дшджд└,дшджд╟д╖д┐дщ,*
дшджд╟д╖д╞,635,635,6866,╜ї╞░╗ь,*,е╩╖┴═╞╗ь,е╟е╣╬єе┐╖╧╧в═╤е╞╖┴,дшджд└,дшджд╟д╖д╞,*
дшджд╟д╖д┐дъ,628,628,6866,╜ї╞░╗ь,*,е╩╖┴═╞╗ь,е╟е╣╬єе┐╖╧╧в═╤е┐еъ╖┴,дшджд└,дшджд╟д╖д┐дъ,*
д┘дн,668,668,7858,╜ї╞░╗ь,*,е╩╖┴═╞╗ь,╕ь┤┤,д┘днд└,д┘дн,*
д┘днд└,661,661,7858,╜ї╞░╗ь,*,е╩╖┴═╞╗ь,┤Ё╦▄╖┴,д┘днд└,д┘днд└,*
д┘днд╩дь,528,528,7858,╜ї╞░╗ь,*,е╩╖┴═╞╗ь,е└╬є╠┐╬с╖┴,д┘днд└,д┘днд╩дь,*
д┘днд╩,500,500,7858,╜ї╞░╗ь,*,е╩╖┴═╞╗ь,е└╬є┤Ё╦▄╧в┬╬╖┴,д┘днд└,д┘днд╩,*
д┘днд└дэдж,493,493,7858,╜ї╞░╗ь,*,е╩╖┴═╞╗ь,е└╬є┤Ё╦▄┐ф╬╠╖┴,д┘днд└,д┘днд└дэдж,*
д┘днд╩дщд╨,486,486,7858,╜ї╞░╗ь,*,е╩╖┴═╞╗ь,е└╬є┤Ё╦▄╛Є╖я╖┴,д┘днд└,д┘днд╩дщд╨,*
д┘днд╦,507,507,7858,╜ї╞░╗ь,*,е╩╖┴═╞╗ь,е└╬є┤Ё╦▄╧в═╤╖┴,д┘днд└,д┘днд╦,*
д┘днд└д├д┐,444,444,7858,╜ї╞░╗ь,*,е╩╖┴═╞╗ь,е└╬єе┐╖┴,д┘днд└,д┘днд└д├д┐,*
д┘днд└д├д┐дэдж,458,458,7858,╜ї╞░╗ь,*,е╩╖┴═╞╗ь,е└╬єе┐╖╧┐ф╬╠╖┴,д┘днд└,д┘днд└д├д┐дэдж,*
д┘днд└д├д┐дщ,451,451,7858,╜ї╞░╗ь,*,е╩╖┴═╞╗ь,е└╬єе┐╖╧╛Є╖я╖┴,д┘днд└,д┘днд└д├д┐дщ,*
д┘днд╟,479,479,7858,╜ї╞░╗ь,*,е╩╖┴═╞╗ь,е└╬єе┐╖╧╧в═╤е╞╖┴,д┘днд└,д┘днд╟,*
д┘днд└д├д┐дъ,472,472,7858,╜ї╞░╗ь,*,е╩╖┴═╞╗ь,е└╬єе┐╖╧╧в═╤е┐еъ╖┴,д┘днд└,д┘днд└д├д┐дъ,*
д┘днд╕ду,465,465,7858,╜ї╞░╗ь,*,е╩╖┴═╞╗ь,е└╬єе┐╖╧╧в═╤е╕еу╖┴,д┘днд└,д┘днд╕ду,*
д┘днд╩ды,521,521,7858,╜ї╞░╗ь,*,е╩╖┴═╞╗ь,е└╬є╩╕╕ь╧в┬╬╖┴,д┘днд└,д┘днд╩ды,*
д┘днд╩дьд╨,514,514,7858,╜ї╞░╗ь,*,е╩╖┴═╞╗ь,е└╬є╩╕╕ь╛Є╖я╖┴,д┘днд└,д┘днд╩дьд╨,*
д┘днд╟двды,570,570,7858,╜ї╞░╗ь,*,е╩╖┴═╞╗ь,е╟евеы╬є┤Ё╦▄╖┴,д┘днд└,д┘днд╟двды,*
д┘днд╟двдь,598,598,7858,╜ї╞░╗ь,*,е╩╖┴═╞╗ь,е╟евеы╬є╠┐╬с╖┴,д┘днд└,д┘днд╟двдь,*
д┘днд╟двдэдж,584,584,7858,╜ї╞░╗ь,*,е╩╖┴═╞╗ь,е╟евеы╬є┤Ё╦▄┐ф╬╠╖┴,д┘днд└,д┘днд╟двдэдж,*
д┘днд╟двдьд╨,577,577,7858,╜ї╞░╗ь,*,е╩╖┴═╞╗ь,е╟евеы╬є┤Ё╦▄╛Є╖я╖┴,д┘днд└,д┘днд╟двдьд╨,*
д┘днд╟двдъ,591,591,7858,╜ї╞░╗ь,*,е╩╖┴═╞╗ь,е╟евеы╬є┤Ё╦▄╧в═╤╖┴,д┘днд└,д┘днд╟двдъ,*
д┘днд╟двд├д┐,535,535,7858,╜ї╞░╗ь,*,е╩╖┴═╞╗ь,е╟евеы╬єе┐╖┴,д┘днд└,д┘днд╟двд├д┐,*
д┘днд╟двд├д┐дэдж,549,549,7858,╜ї╞░╗ь,*,е╩╖┴═╞╗ь,е╟евеы╬єе┐╖╧┐ф╬╠╖┴,д┘днд└,д┘днд╟двд├д┐дэдж,*
д┘днд╟двд├д┐дщ,542,542,7858,╜ї╞░╗ь,*,е╩╖┴═╞╗ь,е╟евеы╬єе┐╖╧╛Є╖я╖┴,д┘днд└,д┘днд╟двд├д┐дщ,*
д┘днд╟двд├д╞,563,563,7858,╜ї╞░╗ь,*,е╩╖┴═╞╗ь,е╟евеы╬єе┐╖╧╧в═╤е╞╖┴,д┘днд└,д┘днд╟двд├д╞,*
д┘днд╟двд├д┐дъ,556,556,7858,╜ї╞░╗ь,*,е╩╖┴═╞╗ь,е╟евеы╬єе┐╖╧╧в═╤е┐еъ╖┴,д┘днд└,д┘днд╟двд├д┐дъ,*
д┘днд╟д╣,640,640,7858,╜ї╞░╗ь,*,е╩╖┴═╞╗ь,е╟е╣╬є┤Ё╦▄╖┴,д┘днд└,д┘днд╟д╣,*
д┘днд╟д╖дчдж,647,647,7858,╜ї╞░╗ь,*,е╩╖┴═╞╗ь,е╟е╣╬є┤Ё╦▄┐ф╬╠╖┴,д┘днд└,д┘днд╟д╖дчдж,*
д┘днд╟д╖дч,654,654,7858,╜ї╞░╗ь,*,е╩╖┴═╞╗ь,е╟е╣╬є╛╩╬м┐ф╬╠╖┴,д┘днд└,д┘днд╟д╖дч,*
д┘днд╟д╖д┐,605,605,7858,╜ї╞░╗ь,*,е╩╖┴═╞╗ь,е╟е╣╬єе┐╖┴,д┘днд└,д┘днд╟д╖д┐,*
д┘днд╟д╖д┐дэдж,619,619,7858,╜ї╞░╗ь,*,е╩╖┴═╞╗ь,е╟е╣╬єе┐╖╧┐ф╬╠╖┴,д┘днд└,д┘днд╟д╖д┐дэдж,*
д┘днд╟д╖д┐дщ,612,612,7858,╜ї╞░╗ь,*,е╩╖┴═╞╗ь,е╟е╣╬єе┐╖╧╛Є╖я╖┴,д┘днд└,д┘днд╟д╖д┐дщ,*
д┘днд╟д╖д╞,633,633,7858,╜ї╞░╗ь,*,е╩╖┴═╞╗ь,е╟е╣╬єе┐╖╧╧в═╤е╞╖┴,д┘днд└,д┘днд╟д╖д╞,*
д┘днд╟д╖д┐дъ,626,626,7858,╜ї╞░╗ь,*,е╩╖┴═╞╗ь,е╟е╣╬єе┐╖╧╧в═╤е┐еъ╖┴,д┘днд└,д┘днд╟д╖д┐дъ,*
д▀д┐дд,669,669,9338,╜ї╞░╗ь,*,е╩╖┴═╞╗ь,╕ь┤┤,д▀д┐ддд└,д▀д┐дд,*
д▀д┐ддд└,662,662,9338,╜ї╞░╗ь,*,е╩╖┴═╞╗ь,┤Ё╦▄╖┴,д▀д┐ддд└,д▀д┐ддд└,*
д▀д┐ддд╩дь,529,529,9338,╜ї╞░╗ь,*,е╩╖┴═╞╗ь,е└╬є╠┐╬с╖┴,д▀д┐ддд└,д▀д┐ддд╩дь,*
д▀д┐ддд╩,501,501,9338,╜ї╞░╗ь,*,е╩╖┴═╞╗ь,е└╬є┤Ё╦▄╧в┬╬╖┴,д▀д┐ддд└,д▀д┐ддд╩,*
д▀д┐ддд└дэдж,494,494,9338,╜ї╞░╗ь,*,е╩╖┴═╞╗ь,е└╬є┤Ё╦▄┐ф╬╠╖┴,д▀д┐ддд└,д▀д┐ддд└дэдж,*
д▀д┐ддд╩дщд╨,487,487,9338,╜ї╞░╗ь,*,е╩╖┴═╞╗ь,е└╬є┤Ё╦▄╛Є╖я╖┴,д▀д┐ддд└,д▀д┐ддд╩дщд╨,*
д▀д┐ддд╦,508,508,9338,╜ї╞░╗ь,*,е╩╖┴═╞╗ь,е└╬є┤Ё╦▄╧в═╤╖┴,д▀д┐ддд└,д▀д┐ддд╦,*
д▀д┐ддд└д├д┐,445,445,9338,╜ї╞░╗ь,*,е╩╖┴═╞╗ь,е└╬єе┐╖┴,д▀д┐ддд└,д▀д┐ддд└д├д┐,*
д▀д┐ддд└д├д┐дэдж,459,459,9338,╜ї╞░╗ь,*,е╩╖┴═╞╗ь,е└╬єе┐╖╧┐ф╬╠╖┴,д▀д┐ддд└,д▀д┐ддд└д├д┐дэдж,*
д▀д┐ддд└д├д┐дщ,452,452,9338,╜ї╞░╗ь,*,е╩╖┴═╞╗ь,е└╬єе┐╖╧╛Є╖я╖┴,д▀д┐ддд└,д▀д┐ддд└д├д┐дщ,*
д▀д┐ддд╟,480,480,9338,╜ї╞░╗ь,*,е╩╖┴═╞╗ь,е└╬єе┐╖╧╧в═╤е╞╖┴,д▀д┐ддд└,д▀д┐ддд╟,*
д▀д┐ддд└д├д┐дъ,473,473,9338,╜ї╞░╗ь,*,е╩╖┴═╞╗ь,е└╬єе┐╖╧╧в═╤е┐еъ╖┴,д▀д┐ддд└,д▀д┐ддд└д├д┐дъ,*
д▀д┐ддд╕ду,466,466,9338,╜ї╞░╗ь,*,е╩╖┴═╞╗ь,е└╬єе┐╖╧╧в═╤е╕еу╖┴,д▀д┐ддд└,д▀д┐ддд╕ду,*
д▀д┐ддд╩ды,522,522,9338,╜ї╞░╗ь,*,е╩╖┴═╞╗ь,е└╬є╩╕╕ь╧в┬╬╖┴,д▀д┐ддд└,д▀д┐ддд╩ды,*
д▀д┐ддд╩дьд╨,515,515,9338,╜ї╞░╗ь,*,е╩╖┴═╞╗ь,е└╬є╩╕╕ь╛Є╖я╖┴,д▀д┐ддд└,д▀д┐ддд╩дьд╨,*
д▀д┐ддд╟двды,571,571,9338,╜ї╞░╗ь,*,е╩╖┴═╞╗ь,е╟евеы╬є┤Ё╦▄╖┴,д▀д┐ддд└,д▀д┐ддд╟двды,*
д▀д┐ддд╟двдь,599,599,9338,╜ї╞░╗ь,*,е╩╖┴═╞╗ь,е╟евеы╬є╠┐╬с╖┴,д▀д┐ддд└,д▀д┐ддд╟двдь,*
д▀д┐ддд╟двдэдж,585,585,9338,╜ї╞░╗ь,*,е╩╖┴═╞╗ь,е╟евеы╬є┤Ё╦▄┐ф╬╠╖┴,д▀д┐ддд└,д▀д┐ддд╟двдэдж,*
д▀д┐ддд╟двдьд╨,578,578,9338,╜ї╞░╗ь,*,е╩╖┴═╞╗ь,е╟евеы╬є┤Ё╦▄╛Є╖я╖┴,д▀д┐ддд└,д▀д┐ддд╟двдьд╨,*
д▀д┐ддд╟двдъ,592,592,9338,╜ї╞░╗ь,*,е╩╖┴═╞╗ь,е╟евеы╬є┤Ё╦▄╧в═╤╖┴,д▀д┐ддд└,д▀д┐ддд╟двдъ,*
д▀д┐ддд╟двд├д┐,536,536,9338,╜ї╞░╗ь,*,е╩╖┴═╞╗ь,е╟евеы╬єе┐╖┴,д▀д┐ддд└,д▀д┐ддд╟двд├д┐,*
д▀д┐ддд╟двд├д┐дэдж,550,550,9338,╜ї╞░╗ь,*,е╩╖┴═╞╗ь,е╟евеы╬єе┐╖╧┐ф╬╠╖┴,д▀д┐ддд└,д▀д┐ддд╟двд├д┐дэдж,*
д▀д┐ддд╟двд├д┐дщ,543,543,9338,╜ї╞░╗ь,*,е╩╖┴═╞╗ь,е╟евеы╬єе┐╖╧╛Є╖я╖┴,д▀д┐ддд└,д▀д┐ддд╟двд├д┐дщ,*
д▀д┐ддд╟двд├д╞,564,564,9338,╜ї╞░╗ь,*,е╩╖┴═╞╗ь,е╟евеы╬єе┐╖╧╧в═╤е╞╖┴,д▀д┐ддд└,д▀д┐ддд╟двд├д╞,*
д▀д┐ддд╟двд├д┐дъ,557,557,9338,╜ї╞░╗ь,*,е╩╖┴═╞╗ь,е╟евеы╬єе┐╖╧╧в═╤е┐еъ╖┴,д▀д┐ддд└,д▀д┐ддд╟двд├д┐дъ,*
д▀д┐ддд╟д╣,641,641,9338,╜ї╞░╗ь,*,е╩╖┴═╞╗ь,е╟е╣╬є┤Ё╦▄╖┴,д▀д┐ддд└,д▀д┐ддд╟д╣,*
д▀д┐ддд╟д╖дчдж,648,648,9338,╜ї╞░╗ь,*,е╩╖┴═╞╗ь,е╟е╣╬є┤Ё╦▄┐ф╬╠╖┴,д▀д┐ддд└,д▀д┐ддд╟д╖дчдж,*
д▀д┐ддд╟д╖дч,655,655,9338,╜ї╞░╗ь,*,е╩╖┴═╞╗ь,е╟е╣╬є╛╩╬м┐ф╬╠╖┴,д▀д┐ддд└,д▀д┐ддд╟д╖дч,*
д▀д┐ддд╟д╖д┐,606,606,9338,╜ї╞░╗ь,*,е╩╖┴═╞╗ь,е╟е╣╬єе┐╖┴,д▀д┐ддд└,д▀д┐ддд╟д╖д┐,*
д▀д┐ддд╟д╖д┐дэдж,620,620,9338,╜ї╞░╗ь,*,е╩╖┴═╞╗ь,е╟е╣╬єе┐╖╧┐ф╬╠╖┴,д▀д┐ддд└,д▀д┐ддд╟д╖д┐дэдж,*
д▀д┐ддд╟д╖д┐дщ,613,613,9338,╜ї╞░╗ь,*,е╩╖┴═╞╗ь,е╟е╣╬єе┐╖╧╛Є╖я╖┴,д▀д┐ддд└,д▀д┐ддд╟д╖д┐дщ,*
д▀д┐ддд╟д╖д╞,634,634,9338,╜ї╞░╗ь,*,е╩╖┴═╞╗ь,е╟е╣╬єе┐╖╧╧в═╤е╞╖┴,д▀д┐ддд└,д▀д┐ддд╟д╖д╞,*
д▀д┐ддд╟д╖д┐дъ,627,627,9338,╜ї╞░╗ь,*,е╩╖┴═╞╗ь,е╟е╣╬єе┐╖╧╧в═╤е┐еъ╖┴,д▀д┐ддд└,д▀д┐ддд╟д╖д┐дъ,*
д╒дж,667,667,9055,╜ї╞░╗ь,*,е╩╖┴═╞╗ь,╕ь┤┤,д╒джд└,д╒дж,*
д╒джд└,660,660,9055,╜ї╞░╗ь,*,е╩╖┴═╞╗ь,┤Ё╦▄╖┴,д╒джд└,д╒джд└,*
д╒джд╩дь,527,527,9055,╜ї╞░╗ь,*,е╩╖┴═╞╗ь,е└╬є╠┐╬с╖┴,д╒джд└,д╒джд╩дь,*
д╒джд╩,499,499,9055,╜ї╞░╗ь,*,е╩╖┴═╞╗ь,е└╬є┤Ё╦▄╧в┬╬╖┴,д╒джд└,д╒джд╩,*
д╒джд└дэдж,492,492,9055,╜ї╞░╗ь,*,е╩╖┴═╞╗ь,е└╬є┤Ё╦▄┐ф╬╠╖┴,д╒джд└,д╒джд└дэдж,*
д╒джд╩дщд╨,485,485,9055,╜ї╞░╗ь,*,е╩╖┴═╞╗ь,е└╬є┤Ё╦▄╛Є╖я╖┴,д╒джд└,д╒джд╩дщд╨,*
д╒джд╦,506,506,9055,╜ї╞░╗ь,*,е╩╖┴═╞╗ь,е└╬є┤Ё╦▄╧в═╤╖┴,д╒джд└,д╒джд╦,*
д╒джд└д├д┐,443,443,9055,╜ї╞░╗ь,*,е╩╖┴═╞╗ь,е└╬єе┐╖┴,д╒джд└,д╒джд└д├д┐,*
д╒джд└д├д┐дэдж,457,457,9055,╜ї╞░╗ь,*,е╩╖┴═╞╗ь,е└╬єе┐╖╧┐ф╬╠╖┴,д╒джд└,д╒джд└д├д┐дэдж,*
д╒джд└д├д┐дщ,450,450,9055,╜ї╞░╗ь,*,е╩╖┴═╞╗ь,е└╬єе┐╖╧╛Є╖я╖┴,д╒джд└,д╒джд└д├д┐дщ,*
д╒джд╟,478,478,9055,╜ї╞░╗ь,*,е╩╖┴═╞╗ь,е└╬єе┐╖╧╧в═╤е╞╖┴,д╒джд└,д╒джд╟,*
д╒джд└д├д┐дъ,471,471,9055,╜ї╞░╗ь,*,е╩╖┴═╞╗ь,е└╬єе┐╖╧╧в═╤е┐еъ╖┴,д╒джд└,д╒джд└д├д┐дъ,*
д╒джд╕ду,464,464,9055,╜ї╞░╗ь,*,е╩╖┴═╞╗ь,е└╬єе┐╖╧╧в═╤е╕еу╖┴,д╒джд└,д╒джд╕ду,*
д╒джд╩ды,520,520,9055,╜ї╞░╗ь,*,е╩╖┴═╞╗ь,е└╬є╩╕╕ь╧в┬╬╖┴,д╒джд└,д╒джд╩ды,*
д╒джд╩дьд╨,513,513,9055,╜ї╞░╗ь,*,е╩╖┴═╞╗ь,е└╬є╩╕╕ь╛Є╖я╖┴,д╒джд└,д╒джд╩дьд╨,*
д╒джд╟двды,569,569,9055,╜ї╞░╗ь,*,е╩╖┴═╞╗ь,е╟евеы╬є┤Ё╦▄╖┴,д╒джд└,д╒джд╟двды,*
д╒джд╟двдь,597,597,9055,╜ї╞░╗ь,*,е╩╖┴═╞╗ь,е╟евеы╬є╠┐╬с╖┴,д╒джд└,д╒джд╟двдь,*
д╒джд╟двдэдж,583,583,9055,╜ї╞░╗ь,*,е╩╖┴═╞╗ь,е╟евеы╬є┤Ё╦▄┐ф╬╠╖┴,д╒джд└,д╒джд╟двдэдж,*
д╒джд╟двдьд╨,576,576,9055,╜ї╞░╗ь,*,е╩╖┴═╞╗ь,е╟евеы╬є┤Ё╦▄╛Є╖я╖┴,д╒джд└,д╒джд╟двдьд╨,*
д╒джд╟двдъ,590,590,9055,╜ї╞░╗ь,*,е╩╖┴═╞╗ь,е╟евеы╬є┤Ё╦▄╧в═╤╖┴,д╒джд└,д╒джд╟двдъ,*
д╒джд╟двд├д┐,534,534,9055,╜ї╞░╗ь,*,е╩╖┴═╞╗ь,е╟евеы╬єе┐╖┴,д╒джд└,д╒джд╟двд├д┐,*
д╒джд╟двд├д┐дэдж,548,548,9055,╜ї╞░╗ь,*,е╩╖┴═╞╗ь,е╟евеы╬єе┐╖╧┐ф╬╠╖┴,д╒джд└,д╒джд╟двд├д┐дэдж,*
д╒джд╟двд├д┐дщ,541,541,9055,╜ї╞░╗ь,*,е╩╖┴═╞╗ь,е╟евеы╬єе┐╖╧╛Є╖я╖┴,д╒джд└,д╒джд╟двд├д┐дщ,*
д╒джд╟двд├д╞,562,562,9055,╜ї╞░╗ь,*,е╩╖┴═╞╗ь,е╟евеы╬єе┐╖╧╧в═╤е╞╖┴,д╒джд└,д╒джд╟двд├д╞,*
д╒джд╟двд├д┐дъ,555,555,9055,╜ї╞░╗ь,*,е╩╖┴═╞╗ь,е╟евеы╬єе┐╖╧╧в═╤е┐еъ╖┴,д╒джд└,д╒джд╟двд├д┐дъ,*
д╒джд╟д╣,639,639,9055,╜ї╞░╗ь,*,е╩╖┴═╞╗ь,е╟е╣╬є┤Ё╦▄╖┴,д╒джд└,д╒джд╟д╣,*
д╒джд╟д╖дчдж,646,646,9055,╜ї╞░╗ь,*,е╩╖┴═╞╗ь,е╟е╣╬є┤Ё╦▄┐ф╬╠╖┴,д╒джд└,д╒джд╟д╖дчдж,*
д╒джд╟д╖дч,653,653,9055,╜ї╞░╗ь,*,е╩╖┴═╞╗ь,е╟е╣╬є╛╩╬м┐ф╬╠╖┴,д╒джд└,д╒джд╟д╖дч,*
д╒джд╟д╖д┐,604,604,9055,╜ї╞░╗ь,*,е╩╖┴═╞╗ь,е╟е╣╬єе┐╖┴,д╒джд└,д╒джд╟д╖д┐,*
д╒джд╟д╖д┐дэдж,618,618,9055,╜ї╞░╗ь,*,е╩╖┴═╞╗ь,е╟е╣╬єе┐╖╧┐ф╬╠╖┴,д╒джд└,д╒джд╟д╖д┐дэдж,*
д╒джд╟д╖д┐дщ,611,611,9055,╜ї╞░╗ь,*,е╩╖┴═╞╗ь,е╟е╣╬єе┐╖╧╛Є╖я╖┴,д╒джд└,д╒джд╟д╖д┐дщ,*
д╒джд╟д╖д╞,632,632,9055,╜ї╞░╗ь,*,е╩╖┴═╞╗ь,е╟е╣╬єе┐╖╧╧в═╤е╞╖┴,д╒джд└,д╒джд╟д╖д╞,*
д╒джд╟д╖д┐дъ,625,625,9055,╜ї╞░╗ь,*,е╩╖┴═╞╗ь,е╟е╣╬єе┐╖╧╧в═╤е┐еъ╖┴,д╒джд└,д╒джд╟д╖д┐дъ,*
д╨длдъ,440,440,8510,╜ї╞░╗ь,*,е╩е╬╖┴═╞╗ь,╕ь┤┤,д╨длдъд└,д╨длдъ,*
д╨длдъд└,438,438,8510,╜ї╞░╗ь,*,е╩е╬╖┴═╞╗ь,┤Ё╦▄╖┴,д╨длдъд└,д╨длдъд└,*
д╨длдъд╩дь,400,400,8510,╜ї╞░╗ь,*,е╩е╬╖┴═╞╗ь,е└╬є╠┐╬с╖┴,д╨длдъд└,д╨длдъд╩дь,*
д╨длдъд╩,390,390,8510,╜ї╞░╗ь,*,е╩е╬╖┴═╞╗ь,е└╬є┤Ё╦▄╧в┬╬╖┴,д╨длдъд└,д╨длдъд╩,*
д╨длдъд╬,394,394,8510,╜ї╞░╗ь,*,е╩е╬╖┴═╞╗ь,е└╬є╞├╝ь╧в┬╬╖┴,д╨длдъд└,д╨длдъд╬,*
д╨длдъд└дэдж,388,388,8510,╜ї╞░╗ь,*,е╩е╬╖┴═╞╗ь,е└╬є┤Ё╦▄┐ф╬╠╖┴,д╨длдъд└,д╨длдъд└дэдж,*
д╨длдъд╩дщд╨,386,386,8510,╜ї╞░╗ь,*,е╩е╬╖┴═╞╗ь,е└╬є┤Ё╦▄╛Є╖я╖┴,д╨длдъд└,д╨длдъд╩дщд╨,*
д╨длдъд╦,392,392,8510,╜ї╞░╗ь,*,е╩е╬╖┴═╞╗ь,е└╬є┤Ё╦▄╧в═╤╖┴,д╨длдъд└,д╨длдъд╦,*
д╨длдъд└д├д┐,374,374,8510,╜ї╞░╗ь,*,е╩е╬╖┴═╞╗ь,е└╬єе┐╖┴,д╨длдъд└,д╨длдъд└д├д┐,*
д╨длдъд└д├д┐дэдж,378,378,8510,╜ї╞░╗ь,*,е╩е╬╖┴═╞╗ь,е└╬єе┐╖╧┐ф╬╠╖┴,д╨длдъд└,д╨длдъд└д├д┐дэдж,*
д╨длдъд└д├д┐дщ,376,376,8510,╜ї╞░╗ь,*,е╩е╬╖┴═╞╗ь,е└╬єе┐╖╧╛Є╖я╖┴,д╨длдъд└,д╨длдъд└д├д┐дщ,*
д╨длдъд╟,384,384,8510,╜ї╞░╗ь,*,е╩е╬╖┴═╞╗ь,е└╬єе┐╖╧╧в═╤е╞╖┴,д╨длдъд└,д╨длдъд╟,*
д╨длдъд└д├д┐дъ,382,382,8510,╜ї╞░╗ь,*,е╩е╬╖┴═╞╗ь,е└╬єе┐╖╧╧в═╤е┐еъ╖┴,д╨длдъд└,д╨длдъд└д├д┐дъ,*
д╨длдъд╕ду,380,380,8510,╜ї╞░╗ь,*,е╩е╬╖┴═╞╗ь,е└╬єе┐╖╧╧в═╤е╕еу╖┴,д╨длдъд└,д╨длдъд╕ду,*
д╨длдъд╩ды,398,398,8510,╜ї╞░╗ь,*,е╩е╬╖┴═╞╗ь,е└╬є╩╕╕ь╧в┬╬╖┴,д╨длдъд└,д╨длдъд╩ды,*
д╨длдъд╩дьд╨,396,396,8510,╜ї╞░╗ь,*,е╩е╬╖┴═╞╗ь,е└╬є╩╕╕ь╛Є╖я╖┴,д╨длдъд└,д╨длдъд╩дьд╨,*
д╨длдъд╟двды,412,412,8510,╜ї╞░╗ь,*,е╩е╬╖┴═╞╗ь,е╟евеы╬є┤Ё╦▄╖┴,д╨длдъд└,д╨длдъд╟двды,*
д╨длдъд╟двдь,420,420,8510,╜ї╞░╗ь,*,е╩е╬╖┴═╞╗ь,е╟евеы╬є╠┐╬с╖┴,д╨длдъд└,д╨длдъд╟двдь,*
д╨длдъд╟двдэдж,416,416,8510,╜ї╞░╗ь,*,е╩е╬╖┴═╞╗ь,е╟евеы╬є┤Ё╦▄┐ф╬╠╖┴,д╨длдъд└,д╨длдъд╟двдэдж,*
д╨длдъд╟двдьд╨,414,414,8510,╜ї╞░╗ь,*,е╩е╬╖┴═╞╗ь,е╟евеы╬є┤Ё╦▄╛Є╖я╖┴,д╨длдъд└,д╨длдъд╟двдьд╨,*
д╨длдъд╟двдъ,418,418,8510,╜ї╞░╗ь,*,е╩е╬╖┴═╞╗ь,е╟евеы╬є┤Ё╦▄╧в═╤╖┴,д╨длдъд└,д╨длдъд╟двдъ,*
д╨длдъд╟двд├д┐,402,402,8510,╜ї╞░╗ь,*,е╩е╬╖┴═╞╗ь,е╟евеы╬єе┐╖┴,д╨длдъд└,д╨длдъд╟двд├д┐,*
д╨длдъд╟двд├д┐дэдж,406,406,8510,╜ї╞░╗ь,*,е╩е╬╖┴═╞╗ь,е╟евеы╬єе┐╖╧┐ф╬╠╖┴,д╨длдъд└,д╨длдъд╟двд├д┐дэдж,*
д╨длдъд╟двд├д┐дщ,404,404,8510,╜ї╞░╗ь,*,е╩е╬╖┴═╞╗ь,е╟евеы╬єе┐╖╧╛Є╖я╖┴,д╨длдъд└,д╨длдъд╟двд├д┐дщ,*
д╨длдъд╟двд├д╞,410,410,8510,╜ї╞░╗ь,*,е╩е╬╖┴═╞╗ь,е╟евеы╬єе┐╖╧╧в═╤е╞╖┴,д╨длдъд└,д╨длдъд╟двд├д╞,*
д╨длдъд╟двд├д┐дъ,408,408,8510,╜ї╞░╗ь,*,е╩е╬╖┴═╞╗ь,е╟евеы╬єе┐╖╧╧в═╤е┐еъ╖┴,д╨длдъд└,д╨длдъд╟двд├д┐дъ,*
д╨длдъд╟д╣,432,432,8510,╜ї╞░╗ь,*,е╩е╬╖┴═╞╗ь,е╟е╣╬є┤Ё╦▄╖┴,д╨длдъд└,д╨длдъд╟д╣,*
д╨длдъд╟д╖дчдж,434,434,8510,╜ї╞░╗ь,*,е╩е╬╖┴═╞╗ь,е╟е╣╬є┤Ё╦▄┐ф╬╠╖┴,д╨длдъд└,д╨длдъд╟д╖дчдж,*
д╨длдъд╟д╖дч,436,436,8510,╜ї╞░╗ь,*,е╩е╬╖┴═╞╗ь,е╟е╣╬є╛╩╬м┐ф╬╠╖┴,д╨длдъд└,д╨длдъд╟д╖дч,*
д╨длдъд╟д╖д┐,422,422,8510,╜ї╞░╗ь,*,е╩е╬╖┴═╞╗ь,е╟е╣╬єе┐╖┴,д╨длдъд└,д╨длдъд╟д╖д┐,*
д╨длдъд╟д╖д┐дэдж,426,426,8510,╜ї╞░╗ь,*,е╩е╬╖┴═╞╗ь,е╟е╣╬єе┐╖╧┐ф╬╠╖┴,д╨длдъд└,д╨длдъд╟д╖д┐дэдж,*
д╨длдъд╟д╖д┐дщ,424,424,8510,╜ї╞░╗ь,*,е╩е╬╖┴═╞╗ь,е╟е╣╬єе┐╖╧╛Є╖я╖┴,д╨длдъд└,д╨длдъд╟д╖д┐дщ,*
д╨длдъд╟д╖д╞,430,430,8510,╜ї╞░╗ь,*,е╩е╬╖┴═╞╗ь,е╟е╣╬єе┐╖╧╧в═╤е╞╖┴,д╨длдъд└,д╨длдъд╟д╖д╞,*
д╨длдъд╟д╖д┐дъ,428,428,8510,╜ї╞░╗ь,*,е╩е╬╖┴═╞╗ь,е╟е╣╬єе┐╖╧╧в═╤е┐еъ╖┴,д╨длдъд└,д╨длдъд╟д╖д┐дъ,*
д╨д├длдъ,441,441,9031,╜ї╞░╗ь,*,е╩е╬╖┴═╞╗ь,╕ь┤┤,д╨д├длдъд└,д╨д├длдъ,*
д╨д├длдъд└,439,439,9031,╜ї╞░╗ь,*,е╩е╬╖┴═╞╗ь,┤Ё╦▄╖┴,д╨д├длдъд└,д╨д├длдъд└,*
д╨д├длдъд╩дь,401,401,9031,╜ї╞░╗ь,*,е╩е╬╖┴═╞╗ь,е└╬є╠┐╬с╖┴,д╨д├длдъд└,д╨д├длдъд╩дь,*
д╨д├длдъд╩,391,391,9031,╜ї╞░╗ь,*,е╩е╬╖┴═╞╗ь,е└╬є┤Ё╦▄╧в┬╬╖┴,д╨д├длдъд└,д╨д├длдъд╩,*
д╨д├длдъд╬,395,395,9031,╜ї╞░╗ь,*,е╩е╬╖┴═╞╗ь,е└╬є╞├╝ь╧в┬╬╖┴,д╨д├длдъд└,д╨д├длдъд╬,*
д╨д├длдъд└дэдж,389,389,9031,╜ї╞░╗ь,*,е╩е╬╖┴═╞╗ь,е└╬є┤Ё╦▄┐ф╬╠╖┴,д╨д├длдъд└,д╨д├длдъд└дэдж,*
д╨д├длдъд╩дщд╨,387,387,9031,╜ї╞░╗ь,*,е╩е╬╖┴═╞╗ь,е└╬є┤Ё╦▄╛Є╖я╖┴,д╨д├длдъд└,д╨д├длдъд╩дщд╨,*
д╨д├длдъд╦,393,393,9031,╜ї╞░╗ь,*,е╩е╬╖┴═╞╗ь,е└╬є┤Ё╦▄╧в═╤╖┴,д╨д├длдъд└,д╨д├длдъд╦,*
д╨д├длдъд└д├д┐,375,375,9031,╜ї╞░╗ь,*,е╩е╬╖┴═╞╗ь,е└╬єе┐╖┴,д╨д├длдъд└,д╨д├длдъд└д├д┐,*
д╨д├длдъд└д├д┐дэдж,379,379,9031,╜ї╞░╗ь,*,е╩е╬╖┴═╞╗ь,е└╬єе┐╖╧┐ф╬╠╖┴,д╨д├длдъд└,д╨д├длдъд└д├д┐дэдж,*
д╨д├длдъд└д├д┐дщ,377,377,9031,╜ї╞░╗ь,*,е╩е╬╖┴═╞╗ь,е└╬єе┐╖╧╛Є╖я╖┴,д╨д├длдъд└,д╨д├длдъд└д├д┐дщ,*
д╨д├длдъд╟,385,385,9031,╜ї╞░╗ь,*,е╩е╬╖┴═╞╗ь,е└╬єе┐╖╧╧в═╤е╞╖┴,д╨д├длдъд└,д╨д├длдъд╟,*
д╨д├длдъд└д├д┐дъ,383,383,9031,╜ї╞░╗ь,*,е╩е╬╖┴═╞╗ь,е└╬єе┐╖╧╧в═╤е┐еъ╖┴,д╨д├длдъд└,д╨д├длдъд└д├д┐дъ,*
д╨д├длдъд╕ду,381,381,9031,╜ї╞░╗ь,*,е╩е╬╖┴═╞╗ь,е└╬єе┐╖╧╧в═╤е╕еу╖┴,д╨д├длдъд└,д╨д├длдъд╕ду,*
д╨д├длдъд╩ды,399,399,9031,╜ї╞░╗ь,*,е╩е╬╖┴═╞╗ь,е└╬є╩╕╕ь╧в┬╬╖┴,д╨д├длдъд└,д╨д├длдъд╩ды,*
д╨д├длдъд╩дьд╨,397,397,9031,╜ї╞░╗ь,*,е╩е╬╖┴═╞╗ь,е└╬є╩╕╕ь╛Є╖я╖┴,д╨д├длдъд└,д╨д├длдъд╩дьд╨,*
д╨д├длдъд╟двды,413,413,9031,╜ї╞░╗ь,*,е╩е╬╖┴═╞╗ь,е╟евеы╬є┤Ё╦▄╖┴,д╨д├длдъд└,д╨д├длдъд╟двды,*
д╨д├длдъд╟двдь,421,421,9031,╜ї╞░╗ь,*,е╩е╬╖┴═╞╗ь,е╟евеы╬є╠┐╬с╖┴,д╨д├длдъд└,д╨д├длдъд╟двдь,*
д╨д├длдъд╟двдэдж,417,417,9031,╜ї╞░╗ь,*,е╩е╬╖┴═╞╗ь,е╟евеы╬є┤Ё╦▄┐ф╬╠╖┴,д╨д├длдъд└,д╨д├длдъд╟двдэдж,*
д╨д├длдъд╟двдьд╨,415,415,9031,╜ї╞░╗ь,*,е╩е╬╖┴═╞╗ь,е╟евеы╬є┤Ё╦▄╛Є╖я╖┴,д╨д├длдъд└,д╨д├длдъд╟двдьд╨,*
д╨д├длдъд╟двдъ,419,419,9031,╜ї╞░╗ь,*,е╩е╬╖┴═╞╗ь,е╟евеы╬є┤Ё╦▄╧в═╤╖┴,д╨д├длдъд└,д╨д├длдъд╟двдъ,*
д╨д├длдъд╟двд├д┐,403,403,9031,╜ї╞░╗ь,*,е╩е╬╖┴═╞╗ь,е╟евеы╬єе┐╖┴,д╨д├длдъд└,д╨д├длдъд╟двд├д┐,*
д╨д├длдъд╟двд├д┐дэдж,407,407,9031,╜ї╞░╗ь,*,е╩е╬╖┴═╞╗ь,е╟евеы╬єе┐╖╧┐ф╬╠╖┴,д╨д├длдъд└,д╨д├длдъд╟двд├д┐дэдж,*
д╨д├длдъд╟двд├д┐дщ,405,405,9031,╜ї╞░╗ь,*,е╩е╬╖┴═╞╗ь,е╟евеы╬єе┐╖╧╛Є╖я╖┴,д╨д├длдъд└,д╨д├длдъд╟двд├д┐дщ,*
д╨д├длдъд╟двд├д╞,411,411,9031,╜ї╞░╗ь,*,е╩е╬╖┴═╞╗ь,е╟евеы╬єе┐╖╧╧в═╤е╞╖┴,д╨д├длдъд└,д╨д├длдъд╟двд├д╞,*
д╨д├длдъд╟двд├д┐дъ,409,409,9031,╜ї╞░╗ь,*,е╩е╬╖┴═╞╗ь,е╟евеы╬єе┐╖╧╧в═╤е┐еъ╖┴,д╨д├длдъд└,д╨д├длдъд╟двд├д┐дъ,*
д╨д├длдъд╟д╣,433,433,9031,╜ї╞░╗ь,*,е╩е╬╖┴═╞╗ь,е╟е╣╬є┤Ё╦▄╖┴,д╨д├длдъд└,д╨д├длдъд╟д╣,*
д╨д├длдъд╟д╖дчдж,435,435,9031,╜ї╞░╗ь,*,е╩е╬╖┴═╞╗ь,е╟е╣╬є┤Ё╦▄┐ф╬╠╖┴,д╨д├длдъд└,д╨д├длдъд╟д╖дчдж,*
д╨д├длдъд╟д╖дч,437,437,9031,╜ї╞░╗ь,*,е╩е╬╖┴═╞╗ь,е╟е╣╬є╛╩╬м┐ф╬╠╖┴,д╨д├длдъд└,д╨д├длдъд╟д╖дч,*
д╨д├длдъд╟д╖д┐,423,423,9031,╜ї╞░╗ь,*,е╩е╬╖┴═╞╗ь,е╟е╣╬єе┐╖┴,д╨д├длдъд└,д╨д├длдъд╟д╖д┐,*
д╨д├длдъд╟д╖д┐дэдж,427,427,9031,╜ї╞░╗ь,*,е╩е╬╖┴═╞╗ь,е╟е╣╬єе┐╖╧┐ф╬╠╖┴,д╨д├длдъд└,д╨д├длдъд╟д╖д┐дэдж,*
д╨д├длдъд╟д╖д┐дщ,425,425,9031,╜ї╞░╗ь,*,е╩е╬╖┴═╞╗ь,е╟е╣╬єе┐╖╧╛Є╖я╖┴,д╨д├длдъд└,д╨д├длдъд╟д╖д┐дщ,*
д╨д├длдъд╟д╖д╞,431,431,9031,╜ї╞░╗ь,*,е╩е╬╖┴═╞╗ь,е╟е╣╬єе┐╖╧╧в═╤е╞╖┴,д╨д├длдъд└,д╨д├длдъд╟д╖д╞,*
д╨д├длдъд╟д╖д┐дъ,429,429,9031,╜ї╞░╗ь,*,е╩е╬╖┴═╞╗ь,е╟е╣╬єе┐╖╧╧в═╤е┐еъ╖┴,д╨д├длдъд└,д╨д├длдъд╟д╖д┐дъ,*
д╧д║,768,768,7196,╜ї╞░╗ь,*,╚╜─ъ╗ь,╕ь┤┤,д╧д║д└,д╧д║,*
д╧д║д└,766,766,7196,╜ї╞░╗ь,*,╚╜─ъ╗ь,┤Ё╦▄╖┴,д╧д║д└,д╧д║д└,*
д╧д║д╩дь,728,728,7196,╜ї╞░╗ь,*,╚╜─ъ╗ь,е└╬є╠┐╬с╖┴,д╧д║д└,д╧д║д╩дь,*
д╧д║д╩,724,724,7196,╜ї╞░╗ь,*,╚╜─ъ╗ь,е└╬є┤Ё╦▄╧в┬╬╖┴,д╧д║д└,д╧д║д╩,*
д╧д║д╬,726,726,7196,╜ї╞░╗ь,*,╚╜─ъ╗ь,е└╬є╞├╝ь╧в┬╬╖┴,д╧д║д└,д╧д║д╬,*
д╧д║д└дэдж,722,722,7196,╜ї╞░╗ь,*,╚╜─ъ╗ь,е└╬є┤Ё╦▄┐ф╬╠╖┴,д╧д║д└,д╧д║д└дэдж,*
д╧д║д╩дщд╨,720,720,7196,╜ї╞░╗ь,*,╚╜─ъ╗ь,е└╬є┤Ё╦▄╛Є╖я╖┴,д╧д║д└,д╧д║д╩дщд╨,*
д╧д║д└д├д┐,708,708,7196,╜ї╞░╗ь,*,╚╜─ъ╗ь,е└╬єе┐╖┴,д╧д║д└,д╧д║д└д├д┐,*
д╧д║д└д├д┐дэдж,712,712,7196,╜ї╞░╗ь,*,╚╜─ъ╗ь,е└╬єе┐╖╧┐ф╬╠╖┴,д╧д║д└,д╧д║д└д├д┐дэдж,*
д╧д║д└д├д┐дщ,710,710,7196,╜ї╞░╗ь,*,╚╜─ъ╗ь,е└╬єе┐╖╧╛Є╖я╖┴,д╧д║д└,д╧д║д└д├д┐дщ,*
д╧д║д╟,718,718,7196,╜ї╞░╗ь,*,╚╜─ъ╗ь,е└╬єе┐╖╧╧в═╤е╞╖┴,д╧д║д└,д╧д║д╟,*
д╧д║д└д├д┐дъ,716,716,7196,╜ї╞░╗ь,*,╚╜─ъ╗ь,е└╬єе┐╖╧╧в═╤е┐еъ╖┴,д╧д║д└,д╧д║д└д├д┐дъ,*
д╧д║д╕ду,714,714,7196,╜ї╞░╗ь,*,╚╜─ъ╗ь,е└╬єе┐╖╧╧в═╤е╕еу╖┴,д╧д║д└,д╧д║д╕ду,*
д╧д║д╟двды,740,740,7196,╜ї╞░╗ь,*,╚╜─ъ╗ь,е╟евеы╬є┤Ё╦▄╖┴,д╧д║д└,д╧д║д╟двды,*
д╧д║д╟двдь,748,748,7196,╜ї╞░╗ь,*,╚╜─ъ╗ь,е╟евеы╬є╠┐╬с╖┴,д╧д║д└,д╧д║д╟двдь,*
д╧д║д╟двдэдж,744,744,7196,╜ї╞░╗ь,*,╚╜─ъ╗ь,е╟евеы╬є┤Ё╦▄┐ф╬╠╖┴,д╧д║д└,д╧д║д╟двдэдж,*
д╧д║д╟двдьд╨,742,742,7196,╜ї╞░╗ь,*,╚╜─ъ╗ь,е╟евеы╬є┤Ё╦▄╛Є╖я╖┴,д╧д║д└,д╧д║д╟двдьд╨,*
д╧д║д╟двдъ,746,746,7196,╜ї╞░╗ь,*,╚╜─ъ╗ь,е╟евеы╬є┤Ё╦▄╧в═╤╖┴,д╧д║д└,д╧д║д╟двдъ,*
д╧д║д╟двд├д┐,730,730,7196,╜ї╞░╗ь,*,╚╜─ъ╗ь,е╟евеы╬єе┐╖┴,д╧д║д└,д╧д║д╟двд├д┐,*
д╧д║д╟двд├д┐дэдж,734,734,7196,╜ї╞░╗ь,*,╚╜─ъ╗ь,е╟евеы╬єе┐╖╧┐ф╬╠╖┴,д╧д║д└,д╧д║д╟двд├д┐дэдж,*
д╧д║д╟двд├д┐дщ,732,732,7196,╜ї╞░╗ь,*,╚╜─ъ╗ь,е╟евеы╬єе┐╖╧╛Є╖я╖┴,д╧д║д└,д╧д║д╟двд├д┐дщ,*
д╧д║д╟двд├д╞,738,738,7196,╜ї╞░╗ь,*,╚╜─ъ╗ь,е╟евеы╬єе┐╖╧╧в═╤е╞╖┴,д╧д║д└,д╧д║д╟двд├д╞,*
д╧д║д╟двд├д┐дъ,736,736,7196,╜ї╞░╗ь,*,╚╜─ъ╗ь,е╟евеы╬єе┐╖╧╧в═╤е┐еъ╖┴,д╧д║д└,д╧д║д╟двд├д┐дъ,*
д╧д║д╟д╣,760,760,7196,╜ї╞░╗ь,*,╚╜─ъ╗ь,е╟е╣╬є┤Ё╦▄╖┴,д╧д║д└,д╧д║д╟д╣,*
д╧д║д╟д╖дчдж,762,762,7196,╜ї╞░╗ь,*,╚╜─ъ╗ь,е╟е╣╬є┤Ё╦▄┐ф╬╠╖┴,д╧д║д└,д╧д║д╟д╖дчдж,*
д╧д║д╟д╖дч,764,764,7196,╜ї╞░╗ь,*,╚╜─ъ╗ь,е╟е╣╬є╛╩╬м┐ф╬╠╖┴,д╧д║д└,д╧д║д╟д╖дч,*
д╧д║д╟д╖д┐,750,750,7196,╜ї╞░╗ь,*,╚╜─ъ╗ь,е╟е╣╬єе┐╖┴,д╧д║д└,д╧д║д╟д╖д┐,*
д╧д║д╟д╖д┐дэдж,754,754,7196,╜ї╞░╗ь,*,╚╜─ъ╗ь,е╟е╣╬єе┐╖╧┐ф╬╠╖┴,д╧д║д└,д╧д║д╟д╖д┐дэдж,*
д╧д║д╟д╖д┐дщ,752,752,7196,╜ї╞░╗ь,*,╚╜─ъ╗ь,е╟е╣╬єе┐╖╧╛Є╖я╖┴,д╧д║д└,д╧д║д╟д╖д┐дщ,*
д╧д║д╟д╖д╞,758,758,7196,╜ї╞░╗ь,*,╚╜─ъ╗ь,е╟е╣╬єе┐╖╧╧в═╤е╞╖┴,д╧д║д└,д╧д║д╟д╖д╞,*
д╧д║д╟д╖д┐дъ,756,756,7196,╜ї╞░╗ь,*,╚╜─ъ╗ь,е╟е╣╬єе┐╖╧╧в═╤е┐еъ╖┴,д╧д║д└,д╧д║д╟д╖д┐дъ,*
д─дтдъ,767,767,8713,╜ї╞░╗ь,*,╚╜─ъ╗ь,╕ь┤┤,д─дтдъд└,д─дтдъ,*
д─дтдъд└,765,765,8713,╜ї╞░╗ь,*,╚╜─ъ╗ь,┤Ё╦▄╖┴,д─дтдъд└,д─дтдъд└,*
д─дтдъд╩дь,727,727,8713,╜ї╞░╗ь,*,╚╜─ъ╗ь,е└╬є╠┐╬с╖┴,д─дтдъд└,д─дтдъд╩дь,*
д─дтдъд╩,723,723,8713,╜ї╞░╗ь,*,╚╜─ъ╗ь,е└╬є┤Ё╦▄╧в┬╬╖┴,д─дтдъд└,д─дтдъд╩,*
д─дтдъд╬,725,725,8713,╜ї╞░╗ь,*,╚╜─ъ╗ь,е└╬є╞├╝ь╧в┬╬╖┴,д─дтдъд└,д─дтдъд╬,*
д─дтдъд└дэдж,721,721,8713,╜ї╞░╗ь,*,╚╜─ъ╗ь,е└╬є┤Ё╦▄┐ф╬╠╖┴,д─дтдъд└,д─дтдъд└дэдж,*
д─дтдъд╩дщд╨,719,719,8713,╜ї╞░╗ь,*,╚╜─ъ╗ь,е└╬є┤Ё╦▄╛Є╖я╖┴,д─дтдъд└,д─дтдъд╩дщд╨,*
д─дтдъд└д├д┐,707,707,8713,╜ї╞░╗ь,*,╚╜─ъ╗ь,е└╬єе┐╖┴,д─дтдъд└,д─дтдъд└д├д┐,*
д─дтдъд└д├д┐дэдж,711,711,8713,╜ї╞░╗ь,*,╚╜─ъ╗ь,е└╬єе┐╖╧┐ф╬╠╖┴,д─дтдъд└,д─дтдъд└д├д┐дэдж,*
д─дтдъд└д├д┐дщ,709,709,8713,╜ї╞░╗ь,*,╚╜─ъ╗ь,е└╬єе┐╖╧╛Є╖я╖┴,д─дтдъд└,д─дтдъд└д├д┐дщ,*
д─дтдъд╟,717,717,8713,╜ї╞░╗ь,*,╚╜─ъ╗ь,е└╬єе┐╖╧╧в═╤е╞╖┴,д─дтдъд└,д─дтдъд╟,*
д─дтдъд└д├д┐дъ,715,715,8713,╜ї╞░╗ь,*,╚╜─ъ╗ь,е└╬єе┐╖╧╧в═╤е┐еъ╖┴,д─дтдъд└,д─дтдъд└д├д┐дъ,*
д─дтдъд╕ду,713,713,8713,╜ї╞░╗ь,*,╚╜─ъ╗ь,е└╬єе┐╖╧╧в═╤е╕еу╖┴,д─дтдъд└,д─дтдъд╕ду,*
д─дтдъд╟двды,739,739,8713,╜ї╞░╗ь,*,╚╜─ъ╗ь,е╟евеы╬є┤Ё╦▄╖┴,д─дтдъд└,д─дтдъд╟двды,*
д─дтдъд╟двдь,747,747,8713,╜ї╞░╗ь,*,╚╜─ъ╗ь,е╟евеы╬є╠┐╬с╖┴,д─дтдъд└,д─дтдъд╟двдь,*
д─дтдъд╟двдэдж,743,743,8713,╜ї╞░╗ь,*,╚╜─ъ╗ь,е╟евеы╬є┤Ё╦▄┐ф╬╠╖┴,д─дтдъд└,д─дтдъд╟двдэдж,*
д─дтдъд╟двдьд╨,741,741,8713,╜ї╞░╗ь,*,╚╜─ъ╗ь,е╟евеы╬є┤Ё╦▄╛Є╖я╖┴,д─дтдъд└,д─дтдъд╟двдьд╨,*
д─дтдъд╟двдъ,745,745,8713,╜ї╞░╗ь,*,╚╜─ъ╗ь,е╟евеы╬є┤Ё╦▄╧в═╤╖┴,д─дтдъд└,д─дтдъд╟двдъ,*
д─дтдъд╟двд├д┐,729,729,8713,╜ї╞░╗ь,*,╚╜─ъ╗ь,е╟евеы╬єе┐╖┴,д─дтдъд└,д─дтдъд╟двд├д┐,*
д─дтдъд╟двд├д┐дэдж,733,733,8713,╜ї╞░╗ь,*,╚╜─ъ╗ь,е╟евеы╬єе┐╖╧┐ф╬╠╖┴,д─дтдъд└,д─дтдъд╟двд├д┐дэдж,*
д─дтдъд╟двд├д┐дщ,731,731,8713,╜ї╞░╗ь,*,╚╜─ъ╗ь,е╟евеы╬єе┐╖╧╛Є╖я╖┴,д─дтдъд└,д─дтдъд╟двд├д┐дщ,*
д─дтдъд╟двд├д╞,737,737,8713,╜ї╞░╗ь,*,╚╜─ъ╗ь,е╟евеы╬єе┐╖╧╧в═╤е╞╖┴,д─дтдъд└,д─дтдъд╟двд├д╞,*
д─дтдъд╟двд├д┐дъ,735,735,8713,╜ї╞░╗ь,*,╚╜─ъ╗ь,е╟евеы╬єе┐╖╧╧в═╤е┐еъ╖┴,д─дтдъд└,д─дтдъд╟двд├д┐дъ,*
д─дтдъд╟д╣,759,759,8713,╜ї╞░╗ь,*,╚╜─ъ╗ь,е╟е╣╬є┤Ё╦▄╖┴,д─дтдъд└,д─дтдъд╟д╣,*
д─дтдъд╟д╖дчдж,761,761,8713,╜ї╞░╗ь,*,╚╜─ъ╗ь,е╟е╣╬є┤Ё╦▄┐ф╬╠╖┴,д─дтдъд└,д─дтдъд╟д╖дчдж,*
д─дтдъд╟д╖дч,763,763,8713,╜ї╞░╗ь,*,╚╜─ъ╗ь,е╟е╣╬є╛╩╬м┐ф╬╠╖┴,д─дтдъд└,д─дтдъд╟д╖дч,*
д─дтдъд╟д╖д┐,749,749,8713,╜ї╞░╗ь,*,╚╜─ъ╗ь,е╟е╣╬єе┐╖┴,д─дтдъд└,д─дтдъд╟д╖д┐,*
д─дтдъд╟д╖д┐дэдж,753,753,8713,╜ї╞░╗ь,*,╚╜─ъ╗ь,е╟е╣╬єе┐╖╧┐ф╬╠╖┴,д─дтдъд└,д─дтдъд╟д╖д┐дэдж,*
д─дтдъд╟д╖д┐дщ,751,751,8713,╜ї╞░╗ь,*,╚╜─ъ╗ь,е╟е╣╬єе┐╖╧╛Є╖я╖┴,д─дтдъд└,д─дтдъд╟д╖д┐дщ,*
д─дтдъд╟д╖д╞,757,757,8713,╜ї╞░╗ь,*,╚╜─ъ╗ь,е╟е╣╬єе┐╖╧╧в═╤е╞╖┴,д─дтдъд└,д─дтдъд╟д╖д╞,*
д─дтдъд╟д╖д┐дъ,755,755,8713,╜ї╞░╗ь,*,╚╜─ъ╗ь,е╟е╣╬єе┐╖╧╧в═╤е┐еъ╖┴,д─дтдъд└,д─дтдъд╟д╖д┐дъ,*
д╠,700,700,8107,╜ї╞░╗ь,*,╜ї╞░╗ьд╠╖┐,┤Ё╦▄╖┴,д╠,д╠,*
д═д╨,701,701,8107,╜ї╞░╗ь,*,╜ї╞░╗ьд╠╖┐,┤Ё╦▄╛Є╖я╖┴,д╠,д═д╨,*
д║,703,703,8107,╜ї╞░╗ь,*,╜ї╞░╗ьд╠╖┐,┤Ё╦▄╧в═╤╖┴,д╠,д║,*
д╠д└дэдж,702,702,8107,╜ї╞░╗ь,*,╜ї╞░╗ьд╠╖┐,┤Ё╦▄┐ф╬╠╖┴,д╠,д╠д└дэдж,*
д╩дєд└,694,694,8107,╜ї╞░╗ь,*,╜ї╞░╗ьд╠╖┐,е┐╖┴,д╠,д╩дєд└,*
д╩дєд└дщ,695,695,8107,╜ї╞░╗ь,*,╜ї╞░╗ьд╠╖┐,е┐╖╧╛Є╖я╖┴,д╠,д╩дєд└дщ,*
д╩ддд╟,697,697,8107,╜ї╞░╗ь,*,╜ї╞░╗ьд╠╖┐,е┐╖╧╧в═╤е╞╖┴,д╠,д╩ддд╟,*
д╩дєд└дэдж,696,696,8107,╜ї╞░╗ь,*,╜ї╞░╗ьд╠╖┐,е┐╖╧┐ф╬╠╖┴,д╠,д╩дєд└дэдж,*
дє,698,698,8107,╜ї╞░╗ь,*,╜ї╞░╗ьд╠╖┐,▓╗╩╪┤Ё╦▄╖┴,д╠,дє,*
дєд└дэдж,699,699,8107,╜ї╞░╗ь,*,╜ї╞░╗ьд╠╖┐,▓╗╩╪┐ф╬╠╖┴,д╠,дєд└дэдж,*
д╢ды,706,706,8107,╜ї╞░╗ь,*,╜ї╞░╗ьд╠╖┐,╩╕╕ь╧в┬╬╖┴,д╠,д╢ды,*
д╢дьд╨,705,705,8107,╜ї╞░╗ь,*,╜ї╞░╗ьд╠╖┐,╩╕╕ь╛Є╖я╖┴,д╠,д╢дьд╨,*
д║дєд╨,704,704,8107,╜ї╞░╗ь,*,╜ї╞░╗ьд╠╖┐,╩╕╕ь▓╗╩╪╛Є╖я╖┴,д╠,д║дєд╨,*
д╜джд└,688,688,7644,╜ї╞░╗ь,*,╜ї╞░╗ьд╜джд└╖┐,┤Ё╦▄╖┴,д╜джд└,д╜джд└,*
д╜джд╟,685,685,7644,╜ї╞░╗ь,*,╜ї╞░╗ьд╜джд└╖┐,е└╬єе┐╖╧╧в═╤е╞╖┴,д╜джд└,д╜джд╟,*
д╜джд╟двды,686,686,7644,╜ї╞░╗ь,*,╜ї╞░╗ьд╜джд└╖┐,е╟евеы╬є┤Ё╦▄╖┴,д╜джд└,д╜джд╟двды,*
д╜джд╟д╣,687,687,7644,╜ї╞░╗ь,*,╜ї╞░╗ьд╜джд└╖┐,е╟е╣╬є┤Ё╦▄╖┴,д╜джд└,д╜джд╟д╣,*
д└дэдж,693,693,8338,╜ї╞░╗ь,*,╜ї╞░╗ьд└дэдж╖┐,┤Ё╦▄╖┴,д└дэдж,д└дэдж,*
д╩дщд╨,689,689,8338,╜ї╞░╗ь,*,╜ї╞░╗ьд└дэдж╖┐,е└╬є┤Ё╦▄╛Є╖я╖┴,д└дэдж,д╩дщд╨,*
д╟двдэдж,690,690,8338,╜ї╞░╗ь,*,╜ї╞░╗ьд└дэдж╖┐,е╟евеы╬є┤Ё╦▄┐ф╬╠╖┴,д└дэдж,д╟двдэдж,*
д╟д╖дчдж,691,691,8338,╜ї╞░╗ь,*,╜ї╞░╗ьд└дэдж╖┐,е╟е╣╬є┤Ё╦▄┐ф╬╠╖┴,д└дэдж,д╟д╖дчдж,*
д╟д╖дч,692,692,8338,╜ї╞░╗ь,*,╜ї╞░╗ьд└дэдж╖┐,е╟е╣╬є╛╩╬м┐ф╬╠╖┴,д└дэдж,д╟д╖дч,*
д┘,680,680,8567,╜ї╞░╗ь,*,╜ї╞░╗ьдп╖┐,╕ь┤┤,д┘д╖,д┘,*
д┘д╖,674,674,8567,╜ї╞░╗ь,*,╜ї╞░╗ьдп╖┐,┤Ё╦▄╖┴,д┘д╖,д┘д╖,*
д┘дп,677,677,8567,╜ї╞░╗ь,*,╜ї╞░╗ьдп╖┐,┤Ё╦▄╧в═╤╖┴,д┘д╖,д┘дп,*
д┘дн,683,683,8567,╜ї╞░╗ь,*,╜ї╞░╗ьдп╖┐,╩╕╕ь╧в┬╬╖┴,д┘д╖,д┘дн,*
д┤д╚,679,679,8585,╜ї╞░╗ь,*,╜ї╞░╗ьдп╖┐,╕ь┤┤,д┤д╚д╖,д┤д╚,*
д┤д╚д╖,673,673,8585,╜ї╞░╗ь,*,╜ї╞░╗ьдп╖┐,┤Ё╦▄╖┴,д┤д╚д╖,д┤д╚д╖,*
д┤д╚дп,676,676,8585,╜ї╞░╗ь,*,╜ї╞░╗ьдп╖┐,┤Ё╦▄╧в═╤╖┴,д┤д╚д╖,д┤д╚дп,*
д┤д╚дн,682,682,8585,╜ї╞░╗ь,*,╜ї╞░╗ьдп╖┐,╩╕╕ь╧в┬╬╖┴,д┤д╚д╖,д┤д╚дн,*
╟б,681,681,7115,╜ї╞░╗ь,*,╜ї╞░╗ьдп╖┐,╕ь┤┤,╟бд╖,д┤д╚,*
╟бд╖,675,675,7115,╜ї╞░╗ь,*,╜ї╞░╗ьдп╖┐,┤Ё╦▄╖┴,╟бд╖,д┤д╚д╖,*
╟бдп,678,678,7115,╜ї╞░╗ь,*,╜ї╞░╗ьдп╖┐,┤Ё╦▄╧в═╤╖┴,╟бд╖,д┤д╚дп,*
╟бдн,684,684,7115,╜ї╞░╗ь,*,╜ї╞░╗ьдп╖┐,╩╕╕ь╧в┬╬╖┴,╟бд╖,д┤д╚дн,*
д╟д,773,773,8354,╜ї╞░╗ь,*,╠╡│ш═╤╖┐,╕ь┤┤,д╟д,д╟д,*
д╟д,770,770,8354,╜ї╞░╗ь,*,╠╡│ш═╤╖┐,┤Ё╦▄╖┴,д╟д,д╟д,*
д▐д,774,774,8355,╜ї╞░╗ь,*,╠╡│ш═╤╖┐,╕ь┤┤,д▐д,д▐д,*
д▐д,771,771,8355,╜ї╞░╗ь,*,╠╡│ш═╤╖┐,┤Ё╦▄╖┴,д▐д,д▐д,*
д│д╚д,772,772,8357,╜ї╞░╗ь,*,╠╡│ш═╤╖┐,╕ь┤┤,д│д╚д,д│д╚д,*
д│д╚д,769,769,8357,╜ї╞░╗ь,*,╠╡│ш═╤╖┐,┤Ё╦▄╖┴,д│д╚д,д│д╚д,*
