あいつ,1506,1506,11643,名詞,普通名詞,*,*,あいつ,あいつ,*
うま,41,41,9669,形容詞,*,イ形容詞アウオ段,語幹,うまい,うま,*
うまい,29,29,9669,形容詞,*,イ形容詞アウオ段,基本形,うまい,うまい,*
うまかれ,59,59,9669,形容詞,*,イ形容詞アウオ段,命令形,うまい,うまかれ,*
うまかろう,35,35,9669,形容詞,*,イ形容詞アウオ段,基本推量形,うまい,うまかろう,*
うまければ,32,32,9669,形容詞,*,イ形容詞アウオ段,基本条件形,うまい,うまければ,*
うまく,38,38,9669,形容詞,*,イ形容詞アウオ段,基本連用形,うまい,うまく,*
うまかった,2,2,9669,形容詞,*,イ形容詞アウオ段,タ形,うまい,うまかった,*
うまかったろう,8,8,9669,形容詞,*,イ形容詞アウオ段,タ系推量形,うまい,うまかったろう,*
うまかったら,5,5,9669,形容詞,*,イ形容詞アウオ段,タ系条件形,うまい,うまかったら,*
うまくて,20,20,9669,形容詞,*,イ形容詞アウオ段,タ系連用テ形,うまい,うまくて,*
うまかったり,11,11,9669,形容詞,*,イ形容詞アウオ段,タ系連用タリ形,うまい,うまかったり,*
うまくちゃ,14,14,9669,形容詞,*,イ形容詞アウオ段,タ系連用チャ形,うまい,うまくちゃ,*
うまくっちゃ,17,17,9669,形容詞,*,イ形容詞アウオ段,タ系連用チャ形２,うまい,うまくっちゃ,*
うまけりゃ,23,23,9669,形容詞,*,イ形容詞アウオ段,音便条件形,うまい,うまけりゃ,*
うまきゃ,26,26,9669,形容詞,*,イ形容詞アウオ段,音便条件形２,うまい,うまきゃ,*
うまし,44,44,9669,形容詞,*,イ形容詞アウオ段,文語基本形,うまい,うまし,*
うまから,47,47,9669,形容詞,*,イ形容詞アウオ段,文語未然形,うまい,うまから,*
うまう,56,56,9669,形容詞,*,イ形容詞アウオ段,文語連用形,うまい,うまう,*
うまき,53,53,9669,形容詞,*,イ形容詞アウオ段,文語連体形,うまい,うまき,*
うまかれ,50,50,9669,形容詞,*,イ形容詞アウオ段,文語命令形,うまい,うまかれ,*
余り,1506,1506,7374,名詞,普通名詞,*,*,余り,あまり,*
あまり,1506,1506,11576,名詞,普通名詞,*,*,あまり,あまり,*
あ,1363,1363,9153,動詞,*,子音動詞ラ行,語幹,ある,あ,*
ある,1357,1357,9153,動詞,*,子音動詞ラ行,基本形,ある,ある,*
あら,1365,1365,9153,動詞,*,子音動詞ラ行,未然形,ある,あら,*
あろう,1353,1353,9153,動詞,*,子音動詞ラ行,意志形,ある,あろう,*
あれ,1367,1367,9153,動詞,*,子音動詞ラ行,命令形,ある,あれ,*
あれば,1359,1359,9153,動詞,*,子音動詞ラ行,基本条件形,ある,あれば,*
あり,1361,1361,9153,動詞,*,子音動詞ラ行,基本連用形,ある,あり,*
あった,1341,1341,9153,動詞,*,子音動詞ラ行,タ形,ある,あった,*
あったろう,1345,1345,9153,動詞,*,子音動詞ラ行,タ系推量形,ある,あったろう,*
あったら,1343,1343,9153,動詞,*,子音動詞ラ行,タ系条件形,ある,あったら,*
あって,1351,1351,9153,動詞,*,子音動詞ラ行,タ系連用テ形,ある,あって,*
あったり,1347,1347,9153,動詞,*,子音動詞ラ行,タ系連用タリ形,ある,あったり,*
あっちゃ,1349,1349,9153,動詞,*,子音動詞ラ行,タ系連用チャ形,ある,あっちゃ,*
ありゃ,1355,1355,9153,動詞,*,子音動詞ラ行,音便条件形,ある,ありゃ,*
あまり,1497,1497,7798,副詞,*,*,*,あまり,あまり,*
よ,41,41,7808,形容詞,*,イ形容詞アウオ段,語幹,よい,よ,*
よい,29,29,7808,形容詞,*,イ形容詞アウオ段,基本形,よい,よい,*
よかれ,59,59,7808,形容詞,*,イ形容詞アウオ段,命令形,よい,よかれ,*
よかろう,35,35,7808,形容詞,*,イ形容詞アウオ段,基本推量形,よい,よかろう,*
よければ,32,32,7808,形容詞,*,イ形容詞アウオ段,基本条件形,よい,よければ,*
よく,38,38,7808,形容詞,*,イ形容詞アウオ段,基本連用形,よい,よく,*
よかった,2,2,7808,形容詞,*,イ形容詞アウオ段,タ形,よい,よかった,*
よかったろう,8,8,7808,形容詞,*,イ形容詞アウオ段,タ系推量形,よい,よかったろう,*
よかったら,5,5,7808,形容詞,*,イ形容詞アウオ段,タ系条件形,よい,よかったら,*
よくて,20,20,7808,形容詞,*,イ形容詞アウオ段,タ系連用テ形,よい,よくて,*
よかったり,11,11,7808,形容詞,*,イ形容詞アウオ段,タ系連用タリ形,よい,よかったり,*
よくちゃ,14,14,7808,形容詞,*,イ形容詞アウオ段,タ系連用チャ形,よい,よくちゃ,*
よくっちゃ,17,17,7808,形容詞,*,イ形容詞アウオ段,タ系連用チャ形２,よい,よくっちゃ,*
よけりゃ,23,23,7808,形容詞,*,イ形容詞アウオ段,音便条件形,よい,よけりゃ,*
よきゃ,26,26,7808,形容詞,*,イ形容詞アウオ段,音便条件形２,よい,よきゃ,*
よし,44,44,7808,形容詞,*,イ形容詞アウオ段,文語基本形,よい,よし,*
よから,47,47,7808,形容詞,*,イ形容詞アウオ段,文語未然形,よい,よから,*
よう,56,56,7808,形容詞,*,イ形容詞アウオ段,文語連用形,よい,よう,*
よき,53,53,7808,形容詞,*,イ形容詞アウオ段,文語連体形,よい,よき,*
よかれ,50,50,7808,形容詞,*,イ形容詞アウオ段,文語命令形,よい,よかれ,*
意気,1506,1506,5020,名詞,普通名詞,*,*,意気,いき,*
あが,1363,1363,11780,動詞,*,子音動詞ラ行,語幹,あがる,あが,*
あがる,1357,1357,11780,動詞,*,子音動詞ラ行,基本形,あがる,あがる,*
あがら,1365,1365,11780,動詞,*,子音動詞ラ行,未然形,あがる,あがら,*
あがろう,1353,1353,11780,動詞,*,子音動詞ラ行,意志形,あがる,あがろう,*
あがれ,1367,1367,11780,動詞,*,子音動詞ラ行,命令形,あがる,あがれ,*
あがれば,1359,1359,11780,動詞,*,子音動詞ラ行,基本条件形,あがる,あがれば,*
あがり,1361,1361,11780,動詞,*,子音動詞ラ行,基本連用形,あがる,あがり,*
あがった,1341,1341,11780,動詞,*,子音動詞ラ行,タ形,あがる,あがった,*
あがったろう,1345,1345,11780,動詞,*,子音動詞ラ行,タ系推量形,あがる,あがったろう,*
あがったら,1343,1343,11780,動詞,*,子音動詞ラ行,タ系条件形,あがる,あがったら,*
あがって,1351,1351,11780,動詞,*,子音動詞ラ行,タ系連用テ形,あがる,あがって,*
あがったり,1347,1347,11780,動詞,*,子音動詞ラ行,タ系連用タリ形,あがる,あがったり,*
あがっちゃ,1349,1349,11780,動詞,*,子音動詞ラ行,タ系連用チャ形,あがる,あがっちゃ,*
あがりゃ,1355,1355,11780,動詞,*,子音動詞ラ行,音便条件形,あがる,あがりゃ,*
上が,1363,1363,9030,動詞,*,子音動詞ラ行,語幹,上がる,あが,*
上がる,1357,1357,9030,動詞,*,子音動詞ラ行,基本形,上がる,あがる,*
上がら,1365,1365,9030,動詞,*,子音動詞ラ行,未然形,上がる,あがら,*
上がろう,1353,1353,9030,動詞,*,子音動詞ラ行,意志形,上がる,あがろう,*
上がれ,1367,1367,9030,動詞,*,子音動詞ラ行,命令形,上がる,あがれ,*
上がれば,1359,1359,9030,動詞,*,子音動詞ラ行,基本条件形,上がる,あがれば,*
上がり,1361,1361,9030,動詞,*,子音動詞ラ行,基本連用形,上がる,あがり,*
上がった,1341,1341,9030,動詞,*,子音動詞ラ行,タ形,上がる,あがった,*
上がったろう,1345,1345,9030,動詞,*,子音動詞ラ行,タ系推量形,上がる,あがったろう,*
上がったら,1343,1343,9030,動詞,*,子音動詞ラ行,タ系条件形,上がる,あがったら,*
上がって,1351,1351,9030,動詞,*,子音動詞ラ行,タ系連用テ形,上がる,あがって,*
上がったり,1347,1347,9030,動詞,*,子音動詞ラ行,タ系連用タリ形,上がる,あがったり,*
上がっちゃ,1349,1349,9030,動詞,*,子音動詞ラ行,タ系連用チャ形,上がる,あがっちゃ,*
上がりゃ,1355,1355,9030,動詞,*,子音動詞ラ行,音便条件形,上がる,あがりゃ,*
いま,1497,1497,11496,副詞,*,*,*,いま,いま,*
い,1457,1457,11305,動詞,*,母音動詞,語幹,いる,い,*
いる,1454,1454,11305,動詞,*,母音動詞,基本形,いる,いる,*
い,1459,1459,11305,動詞,*,母音動詞,未然形,いる,い,*
いよう,1452,1452,11305,動詞,*,母音動詞,意志形,いる,いよう,*
いろ,1460,1460,11305,動詞,*,母音動詞,命令形,いる,いろ,*
いれば,1455,1455,11305,動詞,*,母音動詞,基本条件形,いる,いれば,*
い,1456,1456,11305,動詞,*,母音動詞,基本連用形,いる,い,*
いた,1446,1446,11305,動詞,*,母音動詞,タ形,いる,いた,*
いたろう,1448,1448,11305,動詞,*,母音動詞,タ系推量形,いる,いたろう,*
いたら,1447,1447,11305,動詞,*,母音動詞,タ系条件形,いる,いたら,*
いて,1451,1451,11305,動詞,*,母音動詞,タ系連用テ形,いる,いて,*
いたり,1449,1449,11305,動詞,*,母音動詞,タ系連用タリ形,いる,いたり,*
いちゃ,1450,1450,11305,動詞,*,母音動詞,タ系連用チャ形,いる,いちゃ,*
いりゃ,1453,1453,11305,動詞,*,母音動詞,音便条件形,いる,いりゃ,*
いよ,1458,1458,11305,動詞,*,母音動詞,文語命令形,いる,いよ,*
られ,1130,1130,11202,接尾辞,動詞性接尾辞,母音動詞,語幹,られる,られ,*
られる,1127,1127,11202,接尾辞,動詞性接尾辞,母音動詞,基本形,られる,られる,*
られ,1132,1132,11202,接尾辞,動詞性接尾辞,母音動詞,未然形,られる,られ,*
られよう,1125,1125,11202,接尾辞,動詞性接尾辞,母音動詞,意志形,られる,られよう,*
られろ,1133,1133,11202,接尾辞,動詞性接尾辞,母音動詞,命令形,られる,られろ,*
られれば,1128,1128,11202,接尾辞,動詞性接尾辞,母音動詞,基本条件形,られる,られれば,*
られ,1129,1129,11202,接尾辞,動詞性接尾辞,母音動詞,基本連用形,られる,られ,*
られた,1119,1119,11202,接尾辞,動詞性接尾辞,母音動詞,タ形,られる,られた,*
られたろう,1121,1121,11202,接尾辞,動詞性接尾辞,母音動詞,タ系推量形,られる,られたろう,*
られたら,1120,1120,11202,接尾辞,動詞性接尾辞,母音動詞,タ系条件形,られる,られたら,*
られて,1124,1124,11202,接尾辞,動詞性接尾辞,母音動詞,タ系連用テ形,られる,られて,*
られたり,1122,1122,11202,接尾辞,動詞性接尾辞,母音動詞,タ系連用タリ形,られる,られたり,*
られちゃ,1123,1123,11202,接尾辞,動詞性接尾辞,母音動詞,タ系連用チャ形,られる,られちゃ,*
られりゃ,1126,1126,11202,接尾辞,動詞性接尾辞,母音動詞,音便条件形,られる,られりゃ,*
られよ,1131,1131,11202,接尾辞,動詞性接尾辞,母音動詞,文語命令形,られる,られよ,*
階建て,1136,1136,10910,接尾辞,名詞性名詞助数辞,*,*,階建て,かいだて,*
階建,1136,1136,10919,接尾辞,名詞性名詞助数辞,*,*,階建,かいだて,*
延べ,1506,1506,7721,名詞,普通名詞,*,*,延べ,のべ,*
する,1182,1182,8531,動詞,*,サ変動詞,基本形,する,する,*
さ,1195,1195,8531,動詞,*,サ変動詞,未然形,する,さ,*
しよう,1178,1178,8531,動詞,*,サ変動詞,意志形,する,しよう,*
しろ,1197,1197,8531,動詞,*,サ変動詞,命令形,する,しろ,*
すれば,1184,1184,8531,動詞,*,サ変動詞,基本条件形,する,すれば,*
し,1186,1186,8531,動詞,*,サ変動詞,基本連用形,する,し,*
した,1166,1166,8531,動詞,*,サ変動詞,タ形,する,した,*
したろう,1170,1170,8531,動詞,*,サ変動詞,タ系推量形,する,したろう,*
したら,1168,1168,8531,動詞,*,サ変動詞,タ系条件形,する,したら,*
して,1176,1176,8531,動詞,*,サ変動詞,タ系連用テ形,する,して,*
したり,1172,1172,8531,動詞,*,サ変動詞,タ系連用タリ形,する,したり,*
しちゃ,1174,1174,8531,動詞,*,サ変動詞,タ系連用チャ形,する,しちゃ,*
すりゃ,1180,1180,8531,動詞,*,サ変動詞,音便条件形,する,すりゃ,*
す,1189,1189,8531,動詞,*,サ変動詞,文語基本形,する,す,*
せ,1191,1191,8531,動詞,*,サ変動詞,文語未然形,する,せ,*
せよ,1193,1193,8531,動詞,*,サ変動詞,文語命令形,する,せよ,*
しかけ,1506,1506,11738,名詞,普通名詞,*,*,しかけ,しかけ,*
。,1464,1464,-33,特殊,句点,*,*,。,。,*
．,1464,1464,1056,特殊,句点,*,*,．,．,*
い,1417,1417,9867,動詞,*,子音動詞ワ行,語幹,いう,い,*
いう,1408,1408,9867,動詞,*,子音動詞ワ行,基本形,いう,いう,*
いわ,1420,1420,9867,動詞,*,子音動詞ワ行,未然形,いう,いわ,*
いおう,1402,1402,9867,動詞,*,子音動詞ワ行,意志形,いう,いおう,*
いえ,1423,1423,9867,動詞,*,子音動詞ワ行,命令形,いう,いえ,*
いえば,1411,1411,9867,動詞,*,子音動詞ワ行,基本条件形,いう,いえば,*
いい,1414,1414,9867,動詞,*,子音動詞ワ行,基本連用形,いう,いい,*
いった,1384,1384,9867,動詞,*,子音動詞ワ行,タ形,いう,いった,*
いったろう,1390,1390,9867,動詞,*,子音動詞ワ行,タ系推量形,いう,いったろう,*
いったら,1387,1387,9867,動詞,*,子音動詞ワ行,タ系条件形,いう,いったら,*
いって,1399,1399,9867,動詞,*,子音動詞ワ行,タ系連用テ形,いう,いって,*
いったり,1393,1393,9867,動詞,*,子音動詞ワ行,タ系連用タリ形,いう,いったり,*
いっちゃ,1396,1396,9867,動詞,*,子音動詞ワ行,タ系連用チャ形,いう,いっちゃ,*
いちゃ,1405,1405,9867,動詞,*,子音動詞ワ行,音便条件形,いう,いちゃ,*
よ,1363,1363,9057,動詞,*,子音動詞ラ行,語幹,よる,よ,*
よる,1357,1357,9057,動詞,*,子音動詞ラ行,基本形,よる,よる,*
よら,1365,1365,9057,動詞,*,子音動詞ラ行,未然形,よる,よら,*
よろう,1353,1353,9057,動詞,*,子音動詞ラ行,意志形,よる,よろう,*
よれ,1367,1367,9057,動詞,*,子音動詞ラ行,命令形,よる,よれ,*
よれば,1359,1359,9057,動詞,*,子音動詞ラ行,基本条件形,よる,よれば,*
より,1361,1361,9057,動詞,*,子音動詞ラ行,基本連用形,よる,より,*
よった,1341,1341,9057,動詞,*,子音動詞ラ行,タ形,よる,よった,*
よったろう,1345,1345,9057,動詞,*,子音動詞ラ行,タ系推量形,よる,よったろう,*
よったら,1343,1343,9057,動詞,*,子音動詞ラ行,タ系条件形,よる,よったら,*
よって,1351,1351,9057,動詞,*,子音動詞ラ行,タ系連用テ形,よる,よって,*
よったり,1347,1347,9057,動詞,*,子音動詞ラ行,タ系連用タリ形,よる,よったり,*
よっちゃ,1349,1349,9057,動詞,*,子音動詞ラ行,タ系連用チャ形,よる,よっちゃ,*
よりゃ,1355,1355,9057,動詞,*,子音動詞ラ行,音便条件形,よる,よりゃ,*
え,1457,1457,12347,動詞,*,母音動詞,語幹,える,え,*
える,1454,1454,12347,動詞,*,母音動詞,基本形,える,える,*
え,1459,1459,12347,動詞,*,母音動詞,未然形,える,え,*
えよう,1452,1452,12347,動詞,*,母音動詞,意志形,える,えよう,*
えろ,1460,1460,12347,動詞,*,母音動詞,命令形,える,えろ,*
えれば,1455,1455,12347,動詞,*,母音動詞,基本条件形,える,えれば,*
え,1456,1456,12347,動詞,*,母音動詞,基本連用形,える,え,*
えた,1446,1446,12347,動詞,*,母音動詞,タ形,える,えた,*
えたろう,1448,1448,12347,動詞,*,母音動詞,タ系推量形,える,えたろう,*
えたら,1447,1447,12347,動詞,*,母音動詞,タ系条件形,える,えたら,*
えて,1451,1451,12347,動詞,*,母音動詞,タ系連用テ形,える,えて,*
えたり,1449,1449,12347,動詞,*,母音動詞,タ系連用タリ形,える,えたり,*
えちゃ,1450,1450,12347,動詞,*,母音動詞,タ系連用チャ形,える,えちゃ,*
えりゃ,1453,1453,12347,動詞,*,母音動詞,音便条件形,える,えりゃ,*
えよ,1458,1458,12347,動詞,*,母音動詞,文語命令形,える,えよ,*
得,1457,1457,9363,動詞,*,母音動詞,語幹,得る,え,*
得る,1454,1454,9363,動詞,*,母音動詞,基本形,得る,える,*
得,1459,1459,9363,動詞,*,母音動詞,未然形,得る,え,*
得よう,1452,1452,9363,動詞,*,母音動詞,意志形,得る,えよう,*
得ろ,1460,1460,9363,動詞,*,母音動詞,命令形,得る,えろ,*
得れば,1455,1455,9363,動詞,*,母音動詞,基本条件形,得る,えれば,*
得,1456,1456,9363,動詞,*,母音動詞,基本連用形,得る,え,*
得た,1446,1446,9363,動詞,*,母音動詞,タ形,得る,えた,*
得たろう,1448,1448,9363,動詞,*,母音動詞,タ系推量形,得る,えたろう,*
得たら,1447,1447,9363,動詞,*,母音動詞,タ系条件形,得る,えたら,*
得て,1451,1451,9363,動詞,*,母音動詞,タ系連用テ形,得る,えて,*
得たり,1449,1449,9363,動詞,*,母音動詞,タ系連用タリ形,得る,えたり,*
得ちゃ,1450,1450,9363,動詞,*,母音動詞,タ系連用チャ形,得る,えちゃ,*
得りゃ,1453,1453,9363,動詞,*,母音動詞,音便条件形,得る,えりゃ,*
得よ,1458,1458,9363,動詞,*,母音動詞,文語命令形,得る,えよ,*
れ,1130,1130,10369,接尾辞,動詞性接尾辞,母音動詞,語幹,れる,れ,*
れる,1127,1127,10369,接尾辞,動詞性接尾辞,母音動詞,基本形,れる,れる,*
れ,1132,1132,10369,接尾辞,動詞性接尾辞,母音動詞,未然形,れる,れ,*
れよう,1125,1125,10369,接尾辞,動詞性接尾辞,母音動詞,意志形,れる,れよう,*
れろ,1133,1133,10369,接尾辞,動詞性接尾辞,母音動詞,命令形,れる,れろ,*
れれば,1128,1128,10369,接尾辞,動詞性接尾辞,母音動詞,基本条件形,れる,れれば,*
れ,1129,1129,10369,接尾辞,動詞性接尾辞,母音動詞,基本連用形,れる,れ,*
れた,1119,1119,10369,接尾辞,動詞性接尾辞,母音動詞,タ形,れる,れた,*
れたろう,1121,1121,10369,接尾辞,動詞性接尾辞,母音動詞,タ系推量形,れる,れたろう,*
れたら,1120,1120,10369,接尾辞,動詞性接尾辞,母音動詞,タ系条件形,れる,れたら,*
れて,1124,1124,10369,接尾辞,動詞性接尾辞,母音動詞,タ系連用テ形,れる,れて,*
れたり,1122,1122,10369,接尾辞,動詞性接尾辞,母音動詞,タ系連用タリ形,れる,れたり,*
れちゃ,1123,1123,10369,接尾辞,動詞性接尾辞,母音動詞,タ系連用チャ形,れる,れちゃ,*
れりゃ,1126,1126,10369,接尾辞,動詞性接尾辞,母音動詞,音便条件形,れる,れりゃ,*
れよ,1131,1131,10369,接尾辞,動詞性接尾辞,母音動詞,文語命令形,れる,れよ,*
な,794,794,8932,接尾辞,形容詞性述語接尾辞,イ形容詞アウオ段,語幹,ない,な,*
ない,790,790,8932,接尾辞,形容詞性述語接尾辞,イ形容詞アウオ段,基本形,ない,ない,*
なかれ,800,800,8932,接尾辞,形容詞性述語接尾辞,イ形容詞アウオ段,命令形,ない,なかれ,*
なかろう,792,792,8932,接尾辞,形容詞性述語接尾辞,イ形容詞アウオ段,基本推量形,ない,なかろう,*
なければ,791,791,8932,接尾辞,形容詞性述語接尾辞,イ形容詞アウオ段,基本条件形,ない,なければ,*
なく,793,793,8932,接尾辞,形容詞性述語接尾辞,イ形容詞アウオ段,基本連用形,ない,なく,*
なかった,781,781,8932,接尾辞,形容詞性述語接尾辞,イ形容詞アウオ段,タ形,ない,なかった,*
なかったろう,783,783,8932,接尾辞,形容詞性述語接尾辞,イ形容詞アウオ段,タ系推量形,ない,なかったろう,*
なかったら,782,782,8932,接尾辞,形容詞性述語接尾辞,イ形容詞アウオ段,タ系条件形,ない,なかったら,*
なくて,787,787,8932,接尾辞,形容詞性述語接尾辞,イ形容詞アウオ段,タ系連用テ形,ない,なくて,*
なかったり,784,784,8932,接尾辞,形容詞性述語接尾辞,イ形容詞アウオ段,タ系連用タリ形,ない,なかったり,*
なくちゃ,785,785,8932,接尾辞,形容詞性述語接尾辞,イ形容詞アウオ段,タ系連用チャ形,ない,なくちゃ,*
なくっちゃ,786,786,8932,接尾辞,形容詞性述語接尾辞,イ形容詞アウオ段,タ系連用チャ形２,ない,なくっちゃ,*
なけりゃ,788,788,8932,接尾辞,形容詞性述語接尾辞,イ形容詞アウオ段,音便条件形,ない,なけりゃ,*
なきゃ,789,789,8932,接尾辞,形容詞性述語接尾辞,イ形容詞アウオ段,音便条件形２,ない,なきゃ,*
なし,795,795,8932,接尾辞,形容詞性述語接尾辞,イ形容詞アウオ段,文語基本形,ない,なし,*
なから,796,796,8932,接尾辞,形容詞性述語接尾辞,イ形容詞アウオ段,文語未然形,ない,なから,*
なう,799,799,8932,接尾辞,形容詞性述語接尾辞,イ形容詞アウオ段,文語連用形,ない,なう,*
なき,798,798,8932,接尾辞,形容詞性述語接尾辞,イ形容詞アウオ段,文語連体形,ない,なき,*
なかれ,797,797,8932,接尾辞,形容詞性述語接尾辞,イ形容詞アウオ段,文語命令形,ない,なかれ,*
た,794,794,9017,接尾辞,形容詞性述語接尾辞,イ形容詞アウオ段,語幹,たい,た,*
たい,790,790,9017,接尾辞,形容詞性述語接尾辞,イ形容詞アウオ段,基本形,たい,たい,*
たかれ,800,800,9017,接尾辞,形容詞性述語接尾辞,イ形容詞アウオ段,命令形,たい,たかれ,*
たかろう,792,792,9017,接尾辞,形容詞性述語接尾辞,イ形容詞アウオ段,基本推量形,たい,たかろう,*
たければ,791,791,9017,接尾辞,形容詞性述語接尾辞,イ形容詞アウオ段,基本条件形,たい,たければ,*
たく,793,793,9017,接尾辞,形容詞性述語接尾辞,イ形容詞アウオ段,基本連用形,たい,たく,*
たかった,781,781,9017,接尾辞,形容詞性述語接尾辞,イ形容詞アウオ段,タ形,たい,たかった,*
たかったろう,783,783,9017,接尾辞,形容詞性述語接尾辞,イ形容詞アウオ段,タ系推量形,たい,たかったろう,*
たかったら,782,782,9017,接尾辞,形容詞性述語接尾辞,イ形容詞アウオ段,タ系条件形,たい,たかったら,*
たくて,787,787,9017,接尾辞,形容詞性述語接尾辞,イ形容詞アウオ段,タ系連用テ形,たい,たくて,*
たかったり,784,784,9017,接尾辞,形容詞性述語接尾辞,イ形容詞アウオ段,タ系連用タリ形,たい,たかったり,*
たくちゃ,785,785,9017,接尾辞,形容詞性述語接尾辞,イ形容詞アウオ段,タ系連用チャ形,たい,たくちゃ,*
たくっちゃ,786,786,9017,接尾辞,形容詞性述語接尾辞,イ形容詞アウオ段,タ系連用チャ形２,たい,たくっちゃ,*
たけりゃ,788,788,9017,接尾辞,形容詞性述語接尾辞,イ形容詞アウオ段,音便条件形,たい,たけりゃ,*
たきゃ,789,789,9017,接尾辞,形容詞性述語接尾辞,イ形容詞アウオ段,音便条件形２,たい,たきゃ,*
たし,795,795,9017,接尾辞,形容詞性述語接尾辞,イ形容詞アウオ段,文語基本形,たい,たし,*
たから,796,796,9017,接尾辞,形容詞性述語接尾辞,イ形容詞アウオ段,文語未然形,たい,たから,*
たう,799,799,9017,接尾辞,形容詞性述語接尾辞,イ形容詞アウオ段,文語連用形,たい,たう,*
たき,798,798,9017,接尾辞,形容詞性述語接尾辞,イ形容詞アウオ段,文語連体形,たい,たき,*
たかれ,797,797,9017,接尾辞,形容詞性述語接尾辞,イ形容詞アウオ段,文語命令形,たい,たかれ,*
小,1506,1506,7668,名詞,普通名詞,*,*,小,しょう,*
中学校,1506,1506,8284,名詞,普通名詞,*,*,中学校,ちゅうがっこう,*
中学生,1506,1506,8539,名詞,普通名詞,*,*,中学生,ちゅうがくせい,*
よう,1134,1134,7973,接尾辞,名詞性述語接尾辞,*,*,よう,よう,*
な,43,43,8571,形容詞,*,イ形容詞アウオ段,語幹,ない,な,*
ない,31,31,8571,形容詞,*,イ形容詞アウオ段,基本形,ない,ない,*
なかれ,61,61,8571,形容詞,*,イ形容詞アウオ段,命令形,ない,なかれ,*
なかろう,37,37,8571,形容詞,*,イ形容詞アウオ段,基本推量形,ない,なかろう,*
なければ,34,34,8571,形容詞,*,イ形容詞アウオ段,基本条件形,ない,なければ,*
なく,40,40,8571,形容詞,*,イ形容詞アウオ段,基本連用形,ない,なく,*
なかった,4,4,8571,形容詞,*,イ形容詞アウオ段,タ形,ない,なかった,*
なかったろう,10,10,8571,形容詞,*,イ形容詞アウオ段,タ系推量形,ない,なかったろう,*
なかったら,7,7,8571,形容詞,*,イ形容詞アウオ段,タ系条件形,ない,なかったら,*
なくて,22,22,8571,形容詞,*,イ形容詞アウオ段,タ系連用テ形,ない,なくて,*
なかったり,13,13,8571,形容詞,*,イ形容詞アウオ段,タ系連用タリ形,ない,なかったり,*
なくちゃ,16,16,8571,形容詞,*,イ形容詞アウオ段,タ系連用チャ形,ない,なくちゃ,*
なくっちゃ,19,19,8571,形容詞,*,イ形容詞アウオ段,タ系連用チャ形２,ない,なくっちゃ,*
なけりゃ,25,25,8571,形容詞,*,イ形容詞アウオ段,音便条件形,ない,なけりゃ,*
なきゃ,28,28,8571,形容詞,*,イ形容詞アウオ段,音便条件形２,ない,なきゃ,*
なし,46,46,8571,形容詞,*,イ形容詞アウオ段,文語基本形,ない,なし,*
なから,49,49,8571,形容詞,*,イ形容詞アウオ段,文語未然形,ない,なから,*
なう,58,58,8571,形容詞,*,イ形容詞アウオ段,文語連用形,ない,なう,*
なき,55,55,8571,形容詞,*,イ形容詞アウオ段,文語連体形,ない,なき,*
なかれ,52,52,8571,形容詞,*,イ形容詞アウオ段,文語命令形,ない,なかれ,*
ためし,1506,1506,11710,名詞,普通名詞,*,*,ためし,ためし,*
だれ,1506,1506,9366,名詞,普通名詞,*,*,だれ,だれ,*
誰,1506,1506,8375,名詞,普通名詞,*,*,誰,だれ,*
期間,1501,1501,5536,名詞,時相名詞,*,*,期間,きかん,*
つづけ,1457,1457,12082,動詞,*,母音動詞,語幹,つづける,つづけ,*
つづける,1454,1454,12082,動詞,*,母音動詞,基本形,つづける,つづける,*
つづけ,1459,1459,12082,動詞,*,母音動詞,未然形,つづける,つづけ,*
つづけよう,1452,1452,12082,動詞,*,母音動詞,意志形,つづける,つづけよう,*
つづけろ,1460,1460,12082,動詞,*,母音動詞,命令形,つづける,つづけろ,*
つづければ,1455,1455,12082,動詞,*,母音動詞,基本条件形,つづける,つづければ,*
つづけ,1456,1456,12082,動詞,*,母音動詞,基本連用形,つづける,つづけ,*
つづけた,1446,1446,12082,動詞,*,母音動詞,タ形,つづける,つづけた,*
つづけたろう,1448,1448,12082,動詞,*,母音動詞,タ系推量形,つづける,つづけたろう,*
つづけたら,1447,1447,12082,動詞,*,母音動詞,タ系条件形,つづける,つづけたら,*
つづけて,1451,1451,12082,動詞,*,母音動詞,タ系連用テ形,つづける,つづけて,*
つづけたり,1449,1449,12082,動詞,*,母音動詞,タ系連用タリ形,つづける,つづけたり,*
つづけちゃ,1450,1450,12082,動詞,*,母音動詞,タ系連用チャ形,つづける,つづけちゃ,*
つづけりゃ,1453,1453,12082,動詞,*,母音動詞,音便条件形,つづける,つづけりゃ,*
つづけよ,1458,1458,12082,動詞,*,母音動詞,文語命令形,つづける,つづけよ,*
続け,1457,1457,8014,動詞,*,母音動詞,語幹,続ける,つづけ,*
続ける,1454,1454,8014,動詞,*,母音動詞,基本形,続ける,つづける,*
続け,1459,1459,8014,動詞,*,母音動詞,未然形,続ける,つづけ,*
続けよう,1452,1452,8014,動詞,*,母音動詞,意志形,続ける,つづけよう,*
続けろ,1460,1460,8014,動詞,*,母音動詞,命令形,続ける,つづけろ,*
続ければ,1455,1455,8014,動詞,*,母音動詞,基本条件形,続ける,つづければ,*
続け,1456,1456,8014,動詞,*,母音動詞,基本連用形,続ける,つづけ,*
続けた,1446,1446,8014,動詞,*,母音動詞,タ形,続ける,つづけた,*
続けたろう,1448,1448,8014,動詞,*,母音動詞,タ系推量形,続ける,つづけたろう,*
続けたら,1447,1447,8014,動詞,*,母音動詞,タ系条件形,続ける,つづけたら,*
続けて,1451,1451,8014,動詞,*,母音動詞,タ系連用テ形,続ける,つづけて,*
続けたり,1449,1449,8014,動詞,*,母音動詞,タ系連用タリ形,続ける,つづけたり,*
続けちゃ,1450,1450,8014,動詞,*,母音動詞,タ系連用チャ形,続ける,つづけちゃ,*
続けりゃ,1453,1453,8014,動詞,*,母音動詞,音便条件形,続ける,つづけりゃ,*
続けよ,1458,1458,8014,動詞,*,母音動詞,文語命令形,続ける,つづけよ,*
まず,1497,1497,7793,副詞,*,*,*,まず,まず,*
かかわ,1363,1363,9911,動詞,*,子音動詞ラ行,語幹,かかわる,かかわ,*
かかわる,1357,1357,9911,動詞,*,子音動詞ラ行,基本形,かかわる,かかわる,*
かかわら,1365,1365,9911,動詞,*,子音動詞ラ行,未然形,かかわる,かかわら,*
かかわろう,1353,1353,9911,動詞,*,子音動詞ラ行,意志形,かかわる,かかわろう,*
かかわれ,1367,1367,9911,動詞,*,子音動詞ラ行,命令形,かかわる,かかわれ,*
かかわれば,1359,1359,9911,動詞,*,子音動詞ラ行,基本条件形,かかわる,かかわれば,*
かかわり,1361,1361,9911,動詞,*,子音動詞ラ行,基本連用形,かかわる,かかわり,*
かかわった,1341,1341,9911,動詞,*,子音動詞ラ行,タ形,かかわる,かかわった,*
かかわったろう,1345,1345,9911,動詞,*,子音動詞ラ行,タ系推量形,かかわる,かかわったろう,*
かかわったら,1343,1343,9911,動詞,*,子音動詞ラ行,タ系条件形,かかわる,かかわったら,*
かかわって,1351,1351,9911,動詞,*,子音動詞ラ行,タ系連用テ形,かかわる,かかわって,*
かかわったり,1347,1347,9911,動詞,*,子音動詞ラ行,タ系連用タリ形,かかわる,かかわったり,*
かかわっちゃ,1349,1349,9911,動詞,*,子音動詞ラ行,タ系連用チャ形,かかわる,かかわっちゃ,*
かかわりゃ,1355,1355,9911,動詞,*,子音動詞ラ行,音便条件形,かかわる,かかわりゃ,*
長,41,41,8078,形容詞,*,イ形容詞アウオ段,語幹,長い,なが,*
長い,29,29,8078,形容詞,*,イ形容詞アウオ段,基本形,長い,ながい,*
長かれ,59,59,8078,形容詞,*,イ形容詞アウオ段,命令形,長い,ながかれ,*
長かろう,35,35,8078,形容詞,*,イ形容詞アウオ段,基本推量形,長い,ながかろう,*
長ければ,32,32,8078,形容詞,*,イ形容詞アウオ段,基本条件形,長い,ながければ,*
長く,38,38,8078,形容詞,*,イ形容詞アウオ段,基本連用形,長い,ながく,*
長かった,2,2,8078,形容詞,*,イ形容詞アウオ段,タ形,長い,ながかった,*
長かったろう,8,8,8078,形容詞,*,イ形容詞アウオ段,タ系推量形,長い,ながかったろう,*
長かったら,5,5,8078,形容詞,*,イ形容詞アウオ段,タ系条件形,長い,ながかったら,*
長くて,20,20,8078,形容詞,*,イ形容詞アウオ段,タ系連用テ形,長い,ながくて,*
長かったり,11,11,8078,形容詞,*,イ形容詞アウオ段,タ系連用タリ形,長い,ながかったり,*
長くちゃ,14,14,8078,形容詞,*,イ形容詞アウオ段,タ系連用チャ形,長い,ながくちゃ,*
長くっちゃ,17,17,8078,形容詞,*,イ形容詞アウオ段,タ系連用チャ形２,長い,ながくっちゃ,*
長けりゃ,23,23,8078,形容詞,*,イ形容詞アウオ段,音便条件形,長い,ながけりゃ,*
長きゃ,26,26,8078,形容詞,*,イ形容詞アウオ段,音便条件形２,長い,ながきゃ,*
長し,44,44,8078,形容詞,*,イ形容詞アウオ段,文語基本形,長い,ながし,*
長から,47,47,8078,形容詞,*,イ形容詞アウオ段,文語未然形,長い,ながから,*
長う,56,56,8078,形容詞,*,イ形容詞アウオ段,文語連用形,長い,ながう,*
長き,53,53,8078,形容詞,*,イ形容詞アウオ段,文語連体形,長い,ながき,*
長かれ,50,50,8078,形容詞,*,イ形容詞アウオ段,文語命令形,長い,ながかれ,*
な,1363,1363,7939,動詞,*,子音動詞ラ行,語幹,なる,な,*
なる,1357,1357,7939,動詞,*,子音動詞ラ行,基本形,なる,なる,*
なら,1365,1365,7939,動詞,*,子音動詞ラ行,未然形,なる,なら,*
なろう,1353,1353,7939,動詞,*,子音動詞ラ行,意志形,なる,なろう,*
なれ,1367,1367,7939,動詞,*,子音動詞ラ行,命令形,なる,なれ,*
なれば,1359,1359,7939,動詞,*,子音動詞ラ行,基本条件形,なる,なれば,*
なり,1361,1361,7939,動詞,*,子音動詞ラ行,基本連用形,なる,なり,*
なった,1341,1341,7939,動詞,*,子音動詞ラ行,タ形,なる,なった,*
なったろう,1345,1345,7939,動詞,*,子音動詞ラ行,タ系推量形,なる,なったろう,*
なったら,1343,1343,7939,動詞,*,子音動詞ラ行,タ系条件形,なる,なったら,*
なって,1351,1351,7939,動詞,*,子音動詞ラ行,タ系連用テ形,なる,なって,*
なったり,1347,1347,7939,動詞,*,子音動詞ラ行,タ系連用タリ形,なる,なったり,*
なっちゃ,1349,1349,7939,動詞,*,子音動詞ラ行,タ系連用チャ形,なる,なっちゃ,*
なりゃ,1355,1355,7939,動詞,*,子音動詞ラ行,音便条件形,なる,なりゃ,*
な,1064,1064,8963,接尾辞,動詞性接尾辞,子音動詞ラ行,語幹,なる,な,*
なる,1061,1061,8963,接尾辞,動詞性接尾辞,子音動詞ラ行,基本形,なる,なる,*
なら,1065,1065,8963,接尾辞,動詞性接尾辞,子音動詞ラ行,未然形,なる,なら,*
なろう,1059,1059,8963,接尾辞,動詞性接尾辞,子音動詞ラ行,意志形,なる,なろう,*
なれ,1066,1066,8963,接尾辞,動詞性接尾辞,子音動詞ラ行,命令形,なる,なれ,*
なれば,1062,1062,8963,接尾辞,動詞性接尾辞,子音動詞ラ行,基本条件形,なる,なれば,*
なり,1063,1063,8963,接尾辞,動詞性接尾辞,子音動詞ラ行,基本連用形,なる,なり,*
なった,1053,1053,8963,接尾辞,動詞性接尾辞,子音動詞ラ行,タ形,なる,なった,*
なったろう,1055,1055,8963,接尾辞,動詞性接尾辞,子音動詞ラ行,タ系推量形,なる,なったろう,*
なったら,1054,1054,8963,接尾辞,動詞性接尾辞,子音動詞ラ行,タ系条件形,なる,なったら,*
なって,1058,1058,8963,接尾辞,動詞性接尾辞,子音動詞ラ行,タ系連用テ形,なる,なって,*
なったり,1056,1056,8963,接尾辞,動詞性接尾辞,子音動詞ラ行,タ系連用タリ形,なる,なったり,*
なっちゃ,1057,1057,8963,接尾辞,動詞性接尾辞,子音動詞ラ行,タ系連用チャ形,なる,なっちゃ,*
なりゃ,1060,1060,8963,接尾辞,動詞性接尾辞,子音動詞ラ行,音便条件形,なる,なりゃ,*
お,1226,1226,10363,動詞,*,子音動詞カ行,語幹,おく,お,*
おく,1223,1223,10363,動詞,*,子音動詞カ行,基本形,おく,おく,*
おか,1227,1227,10363,動詞,*,子音動詞カ行,未然形,おく,おか,*
おこう,1221,1221,10363,動詞,*,子音動詞カ行,意志形,おく,おこう,*
おけ,1228,1228,10363,動詞,*,子音動詞カ行,命令形,おく,おけ,*
おけば,1224,1224,10363,動詞,*,子音動詞カ行,基本条件形,おく,おけば,*
おき,1225,1225,10363,動詞,*,子音動詞カ行,基本連用形,おく,おき,*
おいた,1215,1215,10363,動詞,*,子音動詞カ行,タ形,おく,おいた,*
おいたろう,1217,1217,10363,動詞,*,子音動詞カ行,タ系推量形,おく,おいたろう,*
おいたら,1216,1216,10363,動詞,*,子音動詞カ行,タ系条件形,おく,おいたら,*
おいて,1220,1220,10363,動詞,*,子音動詞カ行,タ系連用テ形,おく,おいて,*
おいたり,1218,1218,10363,動詞,*,子音動詞カ行,タ系連用タリ形,おく,おいたり,*
おいちゃ,1219,1219,10363,動詞,*,子音動詞カ行,タ系連用チャ形,おく,おいちゃ,*
おきゃ,1222,1222,10363,動詞,*,子音動詞カ行,音便条件形,おく,おきゃ,*
よく,1497,1497,9836,副詞,*,*,*,よく,よく,*
つ,1226,1226,10218,動詞,*,子音動詞カ行,語幹,つく,つ,*
つく,1223,1223,10218,動詞,*,子音動詞カ行,基本形,つく,つく,*
つか,1227,1227,10218,動詞,*,子音動詞カ行,未然形,つく,つか,*
つこう,1221,1221,10218,動詞,*,子音動詞カ行,意志形,つく,つこう,*
つけ,1228,1228,10218,動詞,*,子音動詞カ行,命令形,つく,つけ,*
つけば,1224,1224,10218,動詞,*,子音動詞カ行,基本条件形,つく,つけば,*
つき,1225,1225,10218,動詞,*,子音動詞カ行,基本連用形,つく,つき,*
ついた,1215,1215,10218,動詞,*,子音動詞カ行,タ形,つく,ついた,*
ついたろう,1217,1217,10218,動詞,*,子音動詞カ行,タ系推量形,つく,ついたろう,*
ついたら,1216,1216,10218,動詞,*,子音動詞カ行,タ系条件形,つく,ついたら,*
ついて,1220,1220,10218,動詞,*,子音動詞カ行,タ系連用テ形,つく,ついて,*
ついたり,1218,1218,10218,動詞,*,子音動詞カ行,タ系連用タリ形,つく,ついたり,*
ついちゃ,1219,1219,10218,動詞,*,子音動詞カ行,タ系連用チャ形,つく,ついちゃ,*
つきゃ,1222,1222,10218,動詞,*,子音動詞カ行,音便条件形,つく,つきゃ,*
と,1363,1363,9023,動詞,*,子音動詞ラ行,語幹,とる,と,*
とる,1357,1357,9023,動詞,*,子音動詞ラ行,基本形,とる,とる,*
とら,1365,1365,9023,動詞,*,子音動詞ラ行,未然形,とる,とら,*
とろう,1353,1353,9023,動詞,*,子音動詞ラ行,意志形,とる,とろう,*
とれ,1367,1367,9023,動詞,*,子音動詞ラ行,命令形,とる,とれ,*
とれば,1359,1359,9023,動詞,*,子音動詞ラ行,基本条件形,とる,とれば,*
とり,1361,1361,9023,動詞,*,子音動詞ラ行,基本連用形,とる,とり,*
とった,1341,1341,9023,動詞,*,子音動詞ラ行,タ形,とる,とった,*
とったろう,1345,1345,9023,動詞,*,子音動詞ラ行,タ系推量形,とる,とったろう,*
とったら,1343,1343,9023,動詞,*,子音動詞ラ行,タ系条件形,とる,とったら,*
とって,1351,1351,9023,動詞,*,子音動詞ラ行,タ系連用テ形,とる,とって,*
とったり,1347,1347,9023,動詞,*,子音動詞ラ行,タ系連用タリ形,とる,とったり,*
とっちゃ,1349,1349,9023,動詞,*,子音動詞ラ行,タ系連用チャ形,とる,とっちゃ,*
とりゃ,1355,1355,9023,動詞,*,子音動詞ラ行,音便条件形,とる,とりゃ,*
すこし,1497,1497,8390,副詞,*,*,*,すこし,すこし,*
少し,1497,1497,5757,副詞,*,*,*,少し,すこし,*
必要,1506,1506,13039,名詞,普通名詞,*,*,必要,ひつよう,*
年,1136,1136,9898,接尾辞,名詞性名詞助数辞,*,*,年,ねん,*
越し,1506,1506,5924,名詞,普通名詞,*,*,越し,こし,*
おろか,1497,1497,8108,副詞,*,*,*,おろか,おろか,*
一,1503,1503,8578,名詞,数詞,*,*,一,ひと,*
人,1136,1136,10746,接尾辞,名詞性名詞助数辞,*,*,人,り,*
つ,1136,1136,9417,接尾辞,名詞性名詞助数辞,*,*,つ,つ,*
へん,1506,1506,11710,名詞,普通名詞,*,*,へん,へん,*
本当,178,178,7408,形容詞,*,ナノ形容詞,語幹,本当だ,ほんとう,*
本当だ,177,177,7408,形容詞,*,ナノ形容詞,基本形,本当だ,ほんとうだ,*
本当なれ,158,158,7408,形容詞,*,ナノ形容詞,ダ列命令形,本当だ,ほんとうなれ,*
本当な,153,153,7408,形容詞,*,ナノ形容詞,ダ列基本連体形,本当だ,ほんとうな,*
本当の,155,155,7408,形容詞,*,ナノ形容詞,ダ列特殊連体形,本当だ,ほんとうの,*
本当だろう,152,152,7408,形容詞,*,ナノ形容詞,ダ列基本推量形,本当だ,ほんとうだろう,*
本当ならば,151,151,7408,形容詞,*,ナノ形容詞,ダ列基本条件形,本当だ,ほんとうならば,*
本当に,154,154,7408,形容詞,*,ナノ形容詞,ダ列基本連用形,本当だ,ほんとうに,*
本当だった,145,145,7408,形容詞,*,ナノ形容詞,ダ列タ形,本当だ,ほんとうだった,*
本当だったろう,147,147,7408,形容詞,*,ナノ形容詞,ダ列タ系推量形,本当だ,ほんとうだったろう,*
本当だったら,146,146,7408,形容詞,*,ナノ形容詞,ダ列タ系条件形,本当だ,ほんとうだったら,*
本当で,150,150,7408,形容詞,*,ナノ形容詞,ダ列タ系連用テ形,本当だ,ほんとうで,*
本当だったり,149,149,7408,形容詞,*,ナノ形容詞,ダ列タ系連用タリ形,本当だ,ほんとうだったり,*
本当じゃ,148,148,7408,形容詞,*,ナノ形容詞,ダ列タ系連用ジャ形,本当だ,ほんとうじゃ,*
本当なる,157,157,7408,形容詞,*,ナノ形容詞,ダ列文語連体形,本当だ,ほんとうなる,*
本当なれば,156,156,7408,形容詞,*,ナノ形容詞,ダ列文語条件形,本当だ,ほんとうなれば,*
本当である,164,164,7408,形容詞,*,ナノ形容詞,デアル列基本形,本当だ,ほんとうである,*
本当であれ,168,168,7408,形容詞,*,ナノ形容詞,デアル列命令形,本当だ,ほんとうであれ,*
本当であろう,166,166,7408,形容詞,*,ナノ形容詞,デアル列基本推量形,本当だ,ほんとうであろう,*
本当であれば,165,165,7408,形容詞,*,ナノ形容詞,デアル列基本条件形,本当だ,ほんとうであれば,*
本当であり,167,167,7408,形容詞,*,ナノ形容詞,デアル列基本連用形,本当だ,ほんとうであり,*
本当であった,159,159,7408,形容詞,*,ナノ形容詞,デアル列タ形,本当だ,ほんとうであった,*
本当であったろう,161,161,7408,形容詞,*,ナノ形容詞,デアル列タ系推量形,本当だ,ほんとうであったろう,*
本当であったら,160,160,7408,形容詞,*,ナノ形容詞,デアル列タ系条件形,本当だ,ほんとうであったら,*
本当であって,163,163,7408,形容詞,*,ナノ形容詞,デアル列タ系連用テ形,本当だ,ほんとうであって,*
本当であったり,162,162,7408,形容詞,*,ナノ形容詞,デアル列タ系連用タリ形,本当だ,ほんとうであったり,*
本当です,174,174,7408,形容詞,*,ナノ形容詞,デス列基本形,本当だ,ほんとうです,*
本当でしょう,175,175,7408,形容詞,*,ナノ形容詞,デス列基本推量形,本当だ,ほんとうでしょう,*
本当でしょ,176,176,7408,形容詞,*,ナノ形容詞,デス列省略推量形,本当だ,ほんとうでしょ,*
本当でした,169,169,7408,形容詞,*,ナノ形容詞,デス列タ形,本当だ,ほんとうでした,*
本当でしたろう,171,171,7408,形容詞,*,ナノ形容詞,デス列タ系推量形,本当だ,ほんとうでしたろう,*
本当でしたら,170,170,7408,形容詞,*,ナノ形容詞,デス列タ系条件形,本当だ,ほんとうでしたら,*
本当でして,173,173,7408,形容詞,*,ナノ形容詞,デス列タ系連用テ形,本当だ,ほんとうでして,*
本当でしたり,172,172,7408,形容詞,*,ナノ形容詞,デス列タ系連用タリ形,本当だ,ほんとうでしたり,*
ほんとう,178,178,9943,形容詞,*,ナノ形容詞,語幹,ほんとうだ,ほんとう,*
ほんとうだ,177,177,9943,形容詞,*,ナノ形容詞,基本形,ほんとうだ,ほんとうだ,*
ほんとうなれ,158,158,9943,形容詞,*,ナノ形容詞,ダ列命令形,ほんとうだ,ほんとうなれ,*
ほんとうな,153,153,9943,形容詞,*,ナノ形容詞,ダ列基本連体形,ほんとうだ,ほんとうな,*
ほんとうの,155,155,9943,形容詞,*,ナノ形容詞,ダ列特殊連体形,ほんとうだ,ほんとうの,*
ほんとうだろう,152,152,9943,形容詞,*,ナノ形容詞,ダ列基本推量形,ほんとうだ,ほんとうだろう,*
ほんとうならば,151,151,9943,形容詞,*,ナノ形容詞,ダ列基本条件形,ほんとうだ,ほんとうならば,*
ほんとうに,154,154,9943,形容詞,*,ナノ形容詞,ダ列基本連用形,ほんとうだ,ほんとうに,*
ほんとうだった,145,145,9943,形容詞,*,ナノ形容詞,ダ列タ形,ほんとうだ,ほんとうだった,*
ほんとうだったろう,147,147,9943,形容詞,*,ナノ形容詞,ダ列タ系推量形,ほんとうだ,ほんとうだったろう,*
ほんとうだったら,146,146,9943,形容詞,*,ナノ形容詞,ダ列タ系条件形,ほんとうだ,ほんとうだったら,*
ほんとうで,150,150,9943,形容詞,*,ナノ形容詞,ダ列タ系連用テ形,ほんとうだ,ほんとうで,*
ほんとうだったり,149,149,9943,形容詞,*,ナノ形容詞,ダ列タ系連用タリ形,ほんとうだ,ほんとうだったり,*
ほんとうじゃ,148,148,9943,形容詞,*,ナノ形容詞,ダ列タ系連用ジャ形,ほんとうだ,ほんとうじゃ,*
ほんとうなる,157,157,9943,形容詞,*,ナノ形容詞,ダ列文語連体形,ほんとうだ,ほんとうなる,*
ほんとうなれば,156,156,9943,形容詞,*,ナノ形容詞,ダ列文語条件形,ほんとうだ,ほんとうなれば,*
ほんとうである,164,164,9943,形容詞,*,ナノ形容詞,デアル列基本形,ほんとうだ,ほんとうである,*
ほんとうであれ,168,168,9943,形容詞,*,ナノ形容詞,デアル列命令形,ほんとうだ,ほんとうであれ,*
ほんとうであろう,166,166,9943,形容詞,*,ナノ形容詞,デアル列基本推量形,ほんとうだ,ほんとうであろう,*
ほんとうであれば,165,165,9943,形容詞,*,ナノ形容詞,デアル列基本条件形,ほんとうだ,ほんとうであれば,*
ほんとうであり,167,167,9943,形容詞,*,ナノ形容詞,デアル列基本連用形,ほんとうだ,ほんとうであり,*
ほんとうであった,159,159,9943,形容詞,*,ナノ形容詞,デアル列タ形,ほんとうだ,ほんとうであった,*
ほんとうであったろう,161,161,9943,形容詞,*,ナノ形容詞,デアル列タ系推量形,ほんとうだ,ほんとうであったろう,*
ほんとうであったら,160,160,9943,形容詞,*,ナノ形容詞,デアル列タ系条件形,ほんとうだ,ほんとうであったら,*
ほんとうであって,163,163,9943,形容詞,*,ナノ形容詞,デアル列タ系連用テ形,ほんとうだ,ほんとうであって,*
ほんとうであったり,162,162,9943,形容詞,*,ナノ形容詞,デアル列タ系連用タリ形,ほんとうだ,ほんとうであったり,*
ほんとうです,174,174,9943,形容詞,*,ナノ形容詞,デス列基本形,ほんとうだ,ほんとうです,*
ほんとうでしょう,175,175,9943,形容詞,*,ナノ形容詞,デス列基本推量形,ほんとうだ,ほんとうでしょう,*
ほんとうでしょ,176,176,9943,形容詞,*,ナノ形容詞,デス列省略推量形,ほんとうだ,ほんとうでしょ,*
ほんとうでした,169,169,9943,形容詞,*,ナノ形容詞,デス列タ形,ほんとうだ,ほんとうでした,*
ほんとうでしたろう,171,171,9943,形容詞,*,ナノ形容詞,デス列タ系推量形,ほんとうだ,ほんとうでしたろう,*
ほんとうでしたら,170,170,9943,形容詞,*,ナノ形容詞,デス列タ系条件形,ほんとうだ,ほんとうでしたら,*
ほんとうでして,173,173,9943,形容詞,*,ナノ形容詞,デス列タ系連用テ形,ほんとうだ,ほんとうでして,*
ほんとうでしたり,172,172,9943,形容詞,*,ナノ形容詞,デス列タ系連用タリ形,ほんとうだ,ほんとうでしたり,*
間違い,1506,1506,7061,名詞,普通名詞,*,*,間違い,まちがい,*
まちがい,1506,1506,11710,名詞,普通名詞,*,*,まちがい,まちがい,*
恵み,1506,1506,8261,名詞,普通名詞,*,*,恵み,めぐみ,*
めぐみ,1506,1506,11923,名詞,普通名詞,*,*,めぐみ,めぐみ,*
多,41,41,7018,形容詞,*,イ形容詞アウオ段,語幹,多い,おお,*
多い,29,29,7018,形容詞,*,イ形容詞アウオ段,基本形,多い,おおい,*
多かれ,59,59,7018,形容詞,*,イ形容詞アウオ段,命令形,多い,おおかれ,*
多かろう,35,35,7018,形容詞,*,イ形容詞アウオ段,基本推量形,多い,おおかろう,*
多ければ,32,32,7018,形容詞,*,イ形容詞アウオ段,基本条件形,多い,おおければ,*
多く,38,38,7018,形容詞,*,イ形容詞アウオ段,基本連用形,多い,おおく,*
多かった,2,2,7018,形容詞,*,イ形容詞アウオ段,タ形,多い,おおかった,*
多かったろう,8,8,7018,形容詞,*,イ形容詞アウオ段,タ系推量形,多い,おおかったろう,*
多かったら,5,5,7018,形容詞,*,イ形容詞アウオ段,タ系条件形,多い,おおかったら,*
多くて,20,20,7018,形容詞,*,イ形容詞アウオ段,タ系連用テ形,多い,おおくて,*
多かったり,11,11,7018,形容詞,*,イ形容詞アウオ段,タ系連用タリ形,多い,おおかったり,*
多くちゃ,14,14,7018,形容詞,*,イ形容詞アウオ段,タ系連用チャ形,多い,おおくちゃ,*
多くっちゃ,17,17,7018,形容詞,*,イ形容詞アウオ段,タ系連用チャ形２,多い,おおくっちゃ,*
多けりゃ,23,23,7018,形容詞,*,イ形容詞アウオ段,音便条件形,多い,おおけりゃ,*
多きゃ,26,26,7018,形容詞,*,イ形容詞アウオ段,音便条件形２,多い,おおきゃ,*
多し,44,44,7018,形容詞,*,イ形容詞アウオ段,文語基本形,多い,おおし,*
多から,47,47,7018,形容詞,*,イ形容詞アウオ段,文語未然形,多い,おおから,*
多う,56,56,7018,形容詞,*,イ形容詞アウオ段,文語連用形,多い,おおう,*
多き,53,53,7018,形容詞,*,イ形容詞アウオ段,文語連体形,多い,おおき,*
多かれ,50,50,7018,形容詞,*,イ形容詞アウオ段,文語命令形,多い,おおかれ,*
おお,41,41,10032,形容詞,*,イ形容詞アウオ段,語幹,おおい,おお,*
おおい,29,29,10032,形容詞,*,イ形容詞アウオ段,基本形,おおい,おおい,*
おおかれ,59,59,10032,形容詞,*,イ形容詞アウオ段,命令形,おおい,おおかれ,*
おおかろう,35,35,10032,形容詞,*,イ形容詞アウオ段,基本推量形,おおい,おおかろう,*
おおければ,32,32,10032,形容詞,*,イ形容詞アウオ段,基本条件形,おおい,おおければ,*
おおく,38,38,10032,形容詞,*,イ形容詞アウオ段,基本連用形,おおい,おおく,*
おおかった,2,2,10032,形容詞,*,イ形容詞アウオ段,タ形,おおい,おおかった,*
おおかったろう,8,8,10032,形容詞,*,イ形容詞アウオ段,タ系推量形,おおい,おおかったろう,*
おおかったら,5,5,10032,形容詞,*,イ形容詞アウオ段,タ系条件形,おおい,おおかったら,*
おおくて,20,20,10032,形容詞,*,イ形容詞アウオ段,タ系連用テ形,おおい,おおくて,*
おおかったり,11,11,10032,形容詞,*,イ形容詞アウオ段,タ系連用タリ形,おおい,おおかったり,*
おおくちゃ,14,14,10032,形容詞,*,イ形容詞アウオ段,タ系連用チャ形,おおい,おおくちゃ,*
おおくっちゃ,17,17,10032,形容詞,*,イ形容詞アウオ段,タ系連用チャ形２,おおい,おおくっちゃ,*
おおけりゃ,23,23,10032,形容詞,*,イ形容詞アウオ段,音便条件形,おおい,おおけりゃ,*
おおきゃ,26,26,10032,形容詞,*,イ形容詞アウオ段,音便条件形２,おおい,おおきゃ,*
おおし,44,44,10032,形容詞,*,イ形容詞アウオ段,文語基本形,おおい,おおし,*
おおから,47,47,10032,形容詞,*,イ形容詞アウオ段,文語未然形,おおい,おおから,*
おおう,56,56,10032,形容詞,*,イ形容詞アウオ段,文語連用形,おおい,おおう,*
おおき,53,53,10032,形容詞,*,イ形容詞アウオ段,文語連体形,おおい,おおき,*
おおかれ,50,50,10032,形容詞,*,イ形容詞アウオ段,文語命令形,おおい,おおかれ,*
少な,41,41,7322,形容詞,*,イ形容詞アウオ段,語幹,少ない,すくな,*
少ない,29,29,7322,形容詞,*,イ形容詞アウオ段,基本形,少ない,すくない,*
少なかれ,59,59,7322,形容詞,*,イ形容詞アウオ段,命令形,少ない,すくなかれ,*
少なかろう,35,35,7322,形容詞,*,イ形容詞アウオ段,基本推量形,少ない,すくなかろう,*
少なければ,32,32,7322,形容詞,*,イ形容詞アウオ段,基本条件形,少ない,すくなければ,*
少なく,38,38,7322,形容詞,*,イ形容詞アウオ段,基本連用形,少ない,すくなく,*
少なかった,2,2,7322,形容詞,*,イ形容詞アウオ段,タ形,少ない,すくなかった,*
少なかったろう,8,8,7322,形容詞,*,イ形容詞アウオ段,タ系推量形,少ない,すくなかったろう,*
少なかったら,5,5,7322,形容詞,*,イ形容詞アウオ段,タ系条件形,少ない,すくなかったら,*
少なくて,20,20,7322,形容詞,*,イ形容詞アウオ段,タ系連用テ形,少ない,すくなくて,*
少なかったり,11,11,7322,形容詞,*,イ形容詞アウオ段,タ系連用タリ形,少ない,すくなかったり,*
少なくちゃ,14,14,7322,形容詞,*,イ形容詞アウオ段,タ系連用チャ形,少ない,すくなくちゃ,*
少なくっちゃ,17,17,7322,形容詞,*,イ形容詞アウオ段,タ系連用チャ形２,少ない,すくなくっちゃ,*
少なけりゃ,23,23,7322,形容詞,*,イ形容詞アウオ段,音便条件形,少ない,すくなけりゃ,*
少なきゃ,26,26,7322,形容詞,*,イ形容詞アウオ段,音便条件形２,少ない,すくなきゃ,*
少なし,44,44,7322,形容詞,*,イ形容詞アウオ段,文語基本形,少ない,すくなし,*
少なから,47,47,7322,形容詞,*,イ形容詞アウオ段,文語未然形,少ない,すくなから,*
少なう,56,56,7322,形容詞,*,イ形容詞アウオ段,文語連用形,少ない,すくなう,*
少なき,53,53,7322,形容詞,*,イ形容詞アウオ段,文語連体形,少ない,すくなき,*
少なかれ,50,50,7322,形容詞,*,イ形容詞アウオ段,文語命令形,少ない,すくなかれ,*
すくな,41,41,9944,形容詞,*,イ形容詞アウオ段,語幹,すくない,すくな,*
すくない,29,29,9944,形容詞,*,イ形容詞アウオ段,基本形,すくない,すくない,*
すくなかれ,59,59,9944,形容詞,*,イ形容詞アウオ段,命令形,すくない,すくなかれ,*
すくなかろう,35,35,9944,形容詞,*,イ形容詞アウオ段,基本推量形,すくない,すくなかろう,*
すくなければ,32,32,9944,形容詞,*,イ形容詞アウオ段,基本条件形,すくない,すくなければ,*
すくなく,38,38,9944,形容詞,*,イ形容詞アウオ段,基本連用形,すくない,すくなく,*
すくなかった,2,2,9944,形容詞,*,イ形容詞アウオ段,タ形,すくない,すくなかった,*
すくなかったろう,8,8,9944,形容詞,*,イ形容詞アウオ段,タ系推量形,すくない,すくなかったろう,*
すくなかったら,5,5,9944,形容詞,*,イ形容詞アウオ段,タ系条件形,すくない,すくなかったら,*
すくなくて,20,20,9944,形容詞,*,イ形容詞アウオ段,タ系連用テ形,すくない,すくなくて,*
すくなかったり,11,11,9944,形容詞,*,イ形容詞アウオ段,タ系連用タリ形,すくない,すくなかったり,*
すくなくちゃ,14,14,9944,形容詞,*,イ形容詞アウオ段,タ系連用チャ形,すくない,すくなくちゃ,*
すくなくっちゃ,17,17,9944,形容詞,*,イ形容詞アウオ段,タ系連用チャ形２,すくない,すくなくっちゃ,*
すくなけりゃ,23,23,9944,形容詞,*,イ形容詞アウオ段,音便条件形,すくない,すくなけりゃ,*
すくなきゃ,26,26,9944,形容詞,*,イ形容詞アウオ段,音便条件形２,すくない,すくなきゃ,*
すくなし,44,44,9944,形容詞,*,イ形容詞アウオ段,文語基本形,すくない,すくなし,*
すくなから,47,47,9944,形容詞,*,イ形容詞アウオ段,文語未然形,すくない,すくなから,*
すくなう,56,56,9944,形容詞,*,イ形容詞アウオ段,文語連用形,すくない,すくなう,*
すくなき,53,53,9944,形容詞,*,イ形容詞アウオ段,文語連体形,すくない,すくなき,*
すくなかれ,50,50,9944,形容詞,*,イ形容詞アウオ段,文語命令形,すくない,すくなかれ,*
や,1338,1338,11949,動詞,*,子音動詞マ行,語幹,やむ,や,*
やむ,1335,1335,11949,動詞,*,子音動詞マ行,基本形,やむ,やむ,*
やま,1339,1339,11949,動詞,*,子音動詞マ行,未然形,やむ,やま,*
やもう,1333,1333,11949,動詞,*,子音動詞マ行,意志形,やむ,やもう,*
やめ,1340,1340,11949,動詞,*,子音動詞マ行,命令形,やむ,やめ,*
やめば,1336,1336,11949,動詞,*,子音動詞マ行,基本条件形,やむ,やめば,*
やみ,1337,1337,11949,動詞,*,子音動詞マ行,基本連用形,やむ,やみ,*
やんだ,1327,1327,11949,動詞,*,子音動詞マ行,タ形,やむ,やんだ,*
やんだろう,1329,1329,11949,動詞,*,子音動詞マ行,タ系推量形,やむ,やんだろう,*
やんだら,1328,1328,11949,動詞,*,子音動詞マ行,タ系条件形,やむ,やんだら,*
やんで,1332,1332,11949,動詞,*,子音動詞マ行,タ系連用テ形,やむ,やんで,*
やんだり,1330,1330,11949,動詞,*,子音動詞マ行,タ系連用タリ形,やむ,やんだり,*
やんじゃ,1331,1331,11949,動詞,*,子音動詞マ行,タ系連用チャ形,やむ,やんじゃ,*
やみゃ,1334,1334,11949,動詞,*,子音動詞マ行,音便条件形,やむ,やみゃ,*
止,1338,1338,9007,動詞,*,子音動詞マ行,語幹,止む,や,*
止む,1335,1335,9007,動詞,*,子音動詞マ行,基本形,止む,やむ,*
止ま,1339,1339,9007,動詞,*,子音動詞マ行,未然形,止む,やま,*
止もう,1333,1333,9007,動詞,*,子音動詞マ行,意志形,止む,やもう,*
止め,1340,1340,9007,動詞,*,子音動詞マ行,命令形,止む,やめ,*
止めば,1336,1336,9007,動詞,*,子音動詞マ行,基本条件形,止む,やめば,*
止み,1337,1337,9007,動詞,*,子音動詞マ行,基本連用形,止む,やみ,*
止んだ,1327,1327,9007,動詞,*,子音動詞マ行,タ形,止む,やんだ,*
止んだろう,1329,1329,9007,動詞,*,子音動詞マ行,タ系推量形,止む,やんだろう,*
止んだら,1328,1328,9007,動詞,*,子音動詞マ行,タ系条件形,止む,やんだら,*
止んで,1332,1332,9007,動詞,*,子音動詞マ行,タ系連用テ形,止む,やんで,*
止んだり,1330,1330,9007,動詞,*,子音動詞マ行,タ系連用タリ形,止む,やんだり,*
止んじゃ,1331,1331,9007,動詞,*,子音動詞マ行,タ系連用チャ形,止む,やんじゃ,*
止みゃ,1334,1334,9007,動詞,*,子音動詞マ行,音便条件形,止む,やみゃ,*
もたら,1282,1282,12026,動詞,*,子音動詞サ行,語幹,もたらす,もたら,*
もたらす,1279,1279,12026,動詞,*,子音動詞サ行,基本形,もたらす,もたらす,*
もたらさ,1283,1283,12026,動詞,*,子音動詞サ行,未然形,もたらす,もたらさ,*
もたらそう,1277,1277,12026,動詞,*,子音動詞サ行,意志形,もたらす,もたらそう,*
もたらせ,1284,1284,12026,動詞,*,子音動詞サ行,命令形,もたらす,もたらせ,*
もたらせば,1280,1280,12026,動詞,*,子音動詞サ行,基本条件形,もたらす,もたらせば,*
もたらし,1281,1281,12026,動詞,*,子音動詞サ行,基本連用形,もたらす,もたらし,*
もたらした,1271,1271,12026,動詞,*,子音動詞サ行,タ形,もたらす,もたらした,*
もたらしたろう,1273,1273,12026,動詞,*,子音動詞サ行,タ系推量形,もたらす,もたらしたろう,*
もたらしたら,1272,1272,12026,動詞,*,子音動詞サ行,タ系条件形,もたらす,もたらしたら,*
もたらして,1276,1276,12026,動詞,*,子音動詞サ行,タ系連用テ形,もたらす,もたらして,*
もたらしたり,1274,1274,12026,動詞,*,子音動詞サ行,タ系連用タリ形,もたらす,もたらしたり,*
もたらしちゃ,1275,1275,12026,動詞,*,子音動詞サ行,タ系連用チャ形,もたらす,もたらしちゃ,*
もたらしゃ,1278,1278,12026,動詞,*,子音動詞サ行,音便条件形,もたらす,もたらしゃ,*
より,1497,1497,7674,副詞,*,*,*,より,より,*
ひと,1503,1503,8768,名詞,数詞,*,*,ひと,ひと,*
１,1503,1503,9100,名詞,数詞,*,*,１,ひと,*
ふた,1503,1503,12698,名詞,数詞,*,*,ふた,ふた,*
二,1503,1503,9099,名詞,数詞,*,*,二,ふた,*
２,1503,1503,9347,名詞,数詞,*,*,２,ふた,*
みっ,1503,1503,11703,名詞,数詞,*,*,みっ,みっ,*
三,1503,1503,8126,名詞,数詞,*,*,三,みっ,*
３,1503,1503,8997,名詞,数詞,*,*,３,みっ,*
よっ,1503,1503,11704,名詞,数詞,*,*,よっ,よっ,*
四,1503,1503,8844,名詞,数詞,*,*,四,よっ,*
４,1503,1503,9172,名詞,数詞,*,*,４,よっ,*
いつ,1503,1503,13809,名詞,数詞,*,*,いつ,いつ,*
五,1503,1503,8223,名詞,数詞,*,*,五,いつ,*
５,1503,1503,9348,名詞,数詞,*,*,５,いつ,*
むっ,1503,1503,11703,名詞,数詞,*,*,むっ,むっ,*
六,1503,1503,9427,名詞,数詞,*,*,六,むっ,*
６,1503,1503,9197,名詞,数詞,*,*,６,むっ,*
なな,1503,1503,11705,名詞,数詞,*,*,なな,なな,*
やっ,1503,1503,12491,名詞,数詞,*,*,やっ,やっ,*
八,1503,1503,9769,名詞,数詞,*,*,八,やっ,*
８,1503,1503,9493,名詞,数詞,*,*,８,やっ,*
ここの,1503,1503,11711,名詞,数詞,*,*,ここの,ここの,*
九,1503,1503,9698,名詞,数詞,*,*,九,ここの,*
９,1503,1503,9529,名詞,数詞,*,*,９,ここの,*
り,1136,1136,9272,接尾辞,名詞性名詞助数辞,*,*,り,り,*
棟,1506,1506,8378,名詞,普通名詞,*,*,棟,むね,代表表記:棟
むね,1506,1506,11710,名詞,普通名詞,*,*,むね,むね,代表表記:棟
粒,1506,1506,8379,名詞,普通名詞,*,*,粒,つぶ,代表表記:粒
つぶ,1506,1506,12329,名詞,普通名詞,*,*,つぶ,つぶ,代表表記:粒
管,1506,1506,9303,名詞,普通名詞,*,*,管,かん,*
内,1137,1137,7001,接尾辞,名詞性名詞接尾辞,*,*,内,ない,*
月,1506,1506,9487,名詞,普通名詞,*,*,月,げつ,*
口,1506,1506,9498,名詞,普通名詞,*,*,口,こう,*
国,1506,1506,8351,名詞,普通名詞,*,*,国,こく,*
内外,1506,1506,10758,名詞,普通名詞,*,*,内外,ないがい,*
車,1506,1506,8008,名詞,普通名詞,*,*,車,しゃ,*
所,1506,1506,7708,名詞,普通名詞,*,*,所,しょ,*
場,1506,1506,7274,名詞,普通名詞,*,*,場,じょう,*
船,1506,1506,8327,名詞,普通名詞,*,*,船,せん,*
体,1506,1506,9416,名詞,普通名詞,*,*,体,たい,*
店,1506,1506,6064,名詞,普通名詞,*,*,店,てん,*
年,1506,1506,8860,名詞,普通名詞,*,*,年,ねん,*
外,1506,1506,7060,名詞,普通名詞,*,*,外,がい,*
どおり,1137,1137,9440,接尾辞,名詞性名詞接尾辞,*,*,どおり,どおり,*
」,1462,1462,-639,特殊,括弧終,*,*,」,」,*
「,1461,1461,-1544,特殊,括弧始,*,*,「,「,*
いずれ,1497,1497,8382,副詞,*,*,*,いずれ,いずれ,*
お,780,780,8535,接頭辞,名詞接頭辞,*,*,お,お,*
い,1022,1022,10743,接尾辞,動詞性接尾辞,子音動詞カ行促音便形,語幹,いく,い,*
いく,1019,1019,10743,接尾辞,動詞性接尾辞,子音動詞カ行促音便形,基本形,いく,いく,*
いか,1023,1023,10743,接尾辞,動詞性接尾辞,子音動詞カ行促音便形,未然形,いく,いか,*
いこう,1017,1017,10743,接尾辞,動詞性接尾辞,子音動詞カ行促音便形,意志形,いく,いこう,*
いけ,1024,1024,10743,接尾辞,動詞性接尾辞,子音動詞カ行促音便形,命令形,いく,いけ,*
いけば,1020,1020,10743,接尾辞,動詞性接尾辞,子音動詞カ行促音便形,基本条件形,いく,いけば,*
いき,1021,1021,10743,接尾辞,動詞性接尾辞,子音動詞カ行促音便形,基本連用形,いく,いき,*
いった,1011,1011,10743,接尾辞,動詞性接尾辞,子音動詞カ行促音便形,タ形,いく,いった,*
いったろう,1013,1013,10743,接尾辞,動詞性接尾辞,子音動詞カ行促音便形,タ系推量形,いく,いったろう,*
いったら,1012,1012,10743,接尾辞,動詞性接尾辞,子音動詞カ行促音便形,タ系条件形,いく,いったら,*
いって,1016,1016,10743,接尾辞,動詞性接尾辞,子音動詞カ行促音便形,タ系連用テ形,いく,いって,*
いったり,1014,1014,10743,接尾辞,動詞性接尾辞,子音動詞カ行促音便形,タ系連用タリ形,いく,いったり,*
いっちゃ,1015,1015,10743,接尾辞,動詞性接尾辞,子音動詞カ行促音便形,タ系連用チャ形,いく,いっちゃ,*
いきゃ,1018,1018,10743,接尾辞,動詞性接尾辞,子音動詞カ行促音便形,音便条件形,いく,いきゃ,*
くれ,1130,1130,11644,接尾辞,動詞性接尾辞,母音動詞,語幹,くれる,くれ,*
くれる,1127,1127,11644,接尾辞,動詞性接尾辞,母音動詞,基本形,くれる,くれる,*
くれ,1132,1132,11644,接尾辞,動詞性接尾辞,母音動詞,未然形,くれる,くれ,*
くれよう,1125,1125,11644,接尾辞,動詞性接尾辞,母音動詞,意志形,くれる,くれよう,*
くれろ,1133,1133,11644,接尾辞,動詞性接尾辞,母音動詞,命令形,くれる,くれろ,*
くれれば,1128,1128,11644,接尾辞,動詞性接尾辞,母音動詞,基本条件形,くれる,くれれば,*
くれ,1129,1129,11644,接尾辞,動詞性接尾辞,母音動詞,基本連用形,くれる,くれ,*
くれた,1119,1119,11644,接尾辞,動詞性接尾辞,母音動詞,タ形,くれる,くれた,*
くれたろう,1121,1121,11644,接尾辞,動詞性接尾辞,母音動詞,タ系推量形,くれる,くれたろう,*
くれたら,1120,1120,11644,接尾辞,動詞性接尾辞,母音動詞,タ系条件形,くれる,くれたら,*
くれて,1124,1124,11644,接尾辞,動詞性接尾辞,母音動詞,タ系連用テ形,くれる,くれて,*
くれたり,1122,1122,11644,接尾辞,動詞性接尾辞,母音動詞,タ系連用タリ形,くれる,くれたり,*
くれちゃ,1123,1123,11644,接尾辞,動詞性接尾辞,母音動詞,タ系連用チャ形,くれる,くれちゃ,*
くれりゃ,1126,1126,11644,接尾辞,動詞性接尾辞,母音動詞,音便条件形,くれる,くれりゃ,*
くれよ,1131,1131,11644,接尾辞,動詞性接尾辞,母音動詞,文語命令形,くれる,くれよ,*
もら,1092,1092,12402,接尾辞,動詞性接尾辞,子音動詞ワ行,語幹,もらう,もら,*
もらう,1089,1089,12402,接尾辞,動詞性接尾辞,子音動詞ワ行,基本形,もらう,もらう,*
もらわ,1093,1093,12402,接尾辞,動詞性接尾辞,子音動詞ワ行,未然形,もらう,もらわ,*
もらおう,1087,1087,12402,接尾辞,動詞性接尾辞,子音動詞ワ行,意志形,もらう,もらおう,*
もらえ,1094,1094,12402,接尾辞,動詞性接尾辞,子音動詞ワ行,命令形,もらう,もらえ,*
もらえば,1090,1090,12402,接尾辞,動詞性接尾辞,子音動詞ワ行,基本条件形,もらう,もらえば,*
もらい,1091,1091,12402,接尾辞,動詞性接尾辞,子音動詞ワ行,基本連用形,もらう,もらい,*
もらった,1081,1081,12402,接尾辞,動詞性接尾辞,子音動詞ワ行,タ形,もらう,もらった,*
もらったろう,1083,1083,12402,接尾辞,動詞性接尾辞,子音動詞ワ行,タ系推量形,もらう,もらったろう,*
もらったら,1082,1082,12402,接尾辞,動詞性接尾辞,子音動詞ワ行,タ系条件形,もらう,もらったら,*
もらって,1086,1086,12402,接尾辞,動詞性接尾辞,子音動詞ワ行,タ系連用テ形,もらう,もらって,*
もらったり,1084,1084,12402,接尾辞,動詞性接尾辞,子音動詞ワ行,タ系連用タリ形,もらう,もらったり,*
もらっちゃ,1085,1085,12402,接尾辞,動詞性接尾辞,子音動詞ワ行,タ系連用チャ形,もらう,もらっちゃ,*
もらちゃ,1088,1088,12402,接尾辞,動詞性接尾辞,子音動詞ワ行,音便条件形,もらう,もらちゃ,*
しま,1092,1092,10527,接尾辞,動詞性接尾辞,子音動詞ワ行,語幹,しまう,しま,*
しまう,1089,1089,10527,接尾辞,動詞性接尾辞,子音動詞ワ行,基本形,しまう,しまう,*
しまわ,1093,1093,10527,接尾辞,動詞性接尾辞,子音動詞ワ行,未然形,しまう,しまわ,*
しまおう,1087,1087,10527,接尾辞,動詞性接尾辞,子音動詞ワ行,意志形,しまう,しまおう,*
しまえ,1094,1094,10527,接尾辞,動詞性接尾辞,子音動詞ワ行,命令形,しまう,しまえ,*
しまえば,1090,1090,10527,接尾辞,動詞性接尾辞,子音動詞ワ行,基本条件形,しまう,しまえば,*
しまい,1091,1091,10527,接尾辞,動詞性接尾辞,子音動詞ワ行,基本連用形,しまう,しまい,*
しまった,1081,1081,10527,接尾辞,動詞性接尾辞,子音動詞ワ行,タ形,しまう,しまった,*
しまったろう,1083,1083,10527,接尾辞,動詞性接尾辞,子音動詞ワ行,タ系推量形,しまう,しまったろう,*
しまったら,1082,1082,10527,接尾辞,動詞性接尾辞,子音動詞ワ行,タ系条件形,しまう,しまったら,*
しまって,1086,1086,10527,接尾辞,動詞性接尾辞,子音動詞ワ行,タ系連用テ形,しまう,しまって,*
しまったり,1084,1084,10527,接尾辞,動詞性接尾辞,子音動詞ワ行,タ系連用タリ形,しまう,しまったり,*
しまっちゃ,1085,1085,10527,接尾辞,動詞性接尾辞,子音動詞ワ行,タ系連用チャ形,しまう,しまっちゃ,*
しまちゃ,1088,1088,10527,接尾辞,動詞性接尾辞,子音動詞ワ行,音便条件形,しまう,しまちゃ,*
い,1130,1130,11423,接尾辞,動詞性接尾辞,母音動詞,語幹,いる,い,*
いる,1127,1127,11423,接尾辞,動詞性接尾辞,母音動詞,基本形,いる,いる,*
い,1132,1132,11423,接尾辞,動詞性接尾辞,母音動詞,未然形,いる,い,*
いよう,1125,1125,11423,接尾辞,動詞性接尾辞,母音動詞,意志形,いる,いよう,*
いろ,1133,1133,11423,接尾辞,動詞性接尾辞,母音動詞,命令形,いる,いろ,*
いれば,1128,1128,11423,接尾辞,動詞性接尾辞,母音動詞,基本条件形,いる,いれば,*
い,1129,1129,11423,接尾辞,動詞性接尾辞,母音動詞,基本連用形,いる,い,*
いた,1119,1119,11423,接尾辞,動詞性接尾辞,母音動詞,タ形,いる,いた,*
いたろう,1121,1121,11423,接尾辞,動詞性接尾辞,母音動詞,タ系推量形,いる,いたろう,*
いたら,1120,1120,11423,接尾辞,動詞性接尾辞,母音動詞,タ系条件形,いる,いたら,*
いて,1124,1124,11423,接尾辞,動詞性接尾辞,母音動詞,タ系連用テ形,いる,いて,*
いたり,1122,1122,11423,接尾辞,動詞性接尾辞,母音動詞,タ系連用タリ形,いる,いたり,*
いちゃ,1123,1123,11423,接尾辞,動詞性接尾辞,母音動詞,タ系連用チャ形,いる,いちゃ,*
いりゃ,1126,1126,11423,接尾辞,動詞性接尾辞,母音動詞,音便条件形,いる,いりゃ,*
いよ,1131,1131,11423,接尾辞,動詞性接尾辞,母音動詞,文語命令形,いる,いよ,*
み,1130,1130,13606,接尾辞,動詞性接尾辞,母音動詞,語幹,みる,み,*
みる,1127,1127,13606,接尾辞,動詞性接尾辞,母音動詞,基本形,みる,みる,*
み,1132,1132,13606,接尾辞,動詞性接尾辞,母音動詞,未然形,みる,み,*
みよう,1125,1125,13606,接尾辞,動詞性接尾辞,母音動詞,意志形,みる,みよう,*
みろ,1133,1133,13606,接尾辞,動詞性接尾辞,母音動詞,命令形,みる,みろ,*
みれば,1128,1128,13606,接尾辞,動詞性接尾辞,母音動詞,基本条件形,みる,みれば,*
み,1129,1129,13606,接尾辞,動詞性接尾辞,母音動詞,基本連用形,みる,み,*
みた,1119,1119,13606,接尾辞,動詞性接尾辞,母音動詞,タ形,みる,みた,*
みたろう,1121,1121,13606,接尾辞,動詞性接尾辞,母音動詞,タ系推量形,みる,みたろう,*
みたら,1120,1120,13606,接尾辞,動詞性接尾辞,母音動詞,タ系条件形,みる,みたら,*
みて,1124,1124,13606,接尾辞,動詞性接尾辞,母音動詞,タ系連用テ形,みる,みて,*
みたり,1122,1122,13606,接尾辞,動詞性接尾辞,母音動詞,タ系連用タリ形,みる,みたり,*
みちゃ,1123,1123,13606,接尾辞,動詞性接尾辞,母音動詞,タ系連用チャ形,みる,みちゃ,*
みりゃ,1126,1126,13606,接尾辞,動詞性接尾辞,母音動詞,音便条件形,みる,みりゃ,*
みよ,1131,1131,13606,接尾辞,動詞性接尾辞,母音動詞,文語命令形,みる,みよ,*
くる,963,963,11880,接尾辞,動詞性接尾辞,カ変動詞,基本形,くる,くる,*
こ,966,966,11880,接尾辞,動詞性接尾辞,カ変動詞,未然形,くる,こ,*
こよう,961,961,11880,接尾辞,動詞性接尾辞,カ変動詞,意志形,くる,こよう,*
こい,967,967,11880,接尾辞,動詞性接尾辞,カ変動詞,命令形,くる,こい,*
くれば,964,964,11880,接尾辞,動詞性接尾辞,カ変動詞,基本条件形,くる,くれば,*
き,965,965,11880,接尾辞,動詞性接尾辞,カ変動詞,基本連用形,くる,き,*
きた,955,955,11880,接尾辞,動詞性接尾辞,カ変動詞,タ形,くる,きた,*
きたろう,957,957,11880,接尾辞,動詞性接尾辞,カ変動詞,タ系推量形,くる,きたろう,*
きたら,956,956,11880,接尾辞,動詞性接尾辞,カ変動詞,タ系条件形,くる,きたら,*
きて,960,960,11880,接尾辞,動詞性接尾辞,カ変動詞,タ系連用テ形,くる,きて,*
きたり,958,958,11880,接尾辞,動詞性接尾辞,カ変動詞,タ系連用タリ形,くる,きたり,*
きちゃ,959,959,11880,接尾辞,動詞性接尾辞,カ変動詞,タ系連用チャ形,くる,きちゃ,*
くりゃ,962,962,11880,接尾辞,動詞性接尾辞,カ変動詞,音便条件形,くる,くりゃ,*
お,1008,1008,11305,接尾辞,動詞性接尾辞,子音動詞カ行,語幹,おく,お,*
おく,1005,1005,11305,接尾辞,動詞性接尾辞,子音動詞カ行,基本形,おく,おく,*
おか,1009,1009,11305,接尾辞,動詞性接尾辞,子音動詞カ行,未然形,おく,おか,*
おこう,1003,1003,11305,接尾辞,動詞性接尾辞,子音動詞カ行,意志形,おく,おこう,*
おけ,1010,1010,11305,接尾辞,動詞性接尾辞,子音動詞カ行,命令形,おく,おけ,*
おけば,1006,1006,11305,接尾辞,動詞性接尾辞,子音動詞カ行,基本条件形,おく,おけば,*
おき,1007,1007,11305,接尾辞,動詞性接尾辞,子音動詞カ行,基本連用形,おく,おき,*
おいた,997,997,11305,接尾辞,動詞性接尾辞,子音動詞カ行,タ形,おく,おいた,*
おいたろう,999,999,11305,接尾辞,動詞性接尾辞,子音動詞カ行,タ系推量形,おく,おいたろう,*
おいたら,998,998,11305,接尾辞,動詞性接尾辞,子音動詞カ行,タ系条件形,おく,おいたら,*
おいて,1002,1002,11305,接尾辞,動詞性接尾辞,子音動詞カ行,タ系連用テ形,おく,おいて,*
おいたり,1000,1000,11305,接尾辞,動詞性接尾辞,子音動詞カ行,タ系連用タリ形,おく,おいたり,*
おいちゃ,1001,1001,11305,接尾辞,動詞性接尾辞,子音動詞カ行,タ系連用チャ形,おく,おいちゃ,*
おきゃ,1004,1004,11305,接尾辞,動詞性接尾辞,子音動詞カ行,音便条件形,おく,おきゃ,*
あ,1064,1064,11436,接尾辞,動詞性接尾辞,子音動詞ラ行,語幹,ある,あ,*
ある,1061,1061,11436,接尾辞,動詞性接尾辞,子音動詞ラ行,基本形,ある,ある,*
あら,1065,1065,11436,接尾辞,動詞性接尾辞,子音動詞ラ行,未然形,ある,あら,*
あろう,1059,1059,11436,接尾辞,動詞性接尾辞,子音動詞ラ行,意志形,ある,あろう,*
あれ,1066,1066,11436,接尾辞,動詞性接尾辞,子音動詞ラ行,命令形,ある,あれ,*
あれば,1062,1062,11436,接尾辞,動詞性接尾辞,子音動詞ラ行,基本条件形,ある,あれば,*
あり,1063,1063,11436,接尾辞,動詞性接尾辞,子音動詞ラ行,基本連用形,ある,あり,*
あった,1053,1053,11436,接尾辞,動詞性接尾辞,子音動詞ラ行,タ形,ある,あった,*
あったろう,1055,1055,11436,接尾辞,動詞性接尾辞,子音動詞ラ行,タ系推量形,ある,あったろう,*
あったら,1054,1054,11436,接尾辞,動詞性接尾辞,子音動詞ラ行,タ系条件形,ある,あったら,*
あって,1058,1058,11436,接尾辞,動詞性接尾辞,子音動詞ラ行,タ系連用テ形,ある,あって,*
あったり,1056,1056,11436,接尾辞,動詞性接尾辞,子音動詞ラ行,タ系連用タリ形,ある,あったり,*
あっちゃ,1057,1057,11436,接尾辞,動詞性接尾辞,子音動詞ラ行,タ系連用チャ形,ある,あっちゃ,*
ありゃ,1060,1060,11436,接尾辞,動詞性接尾辞,子音動詞ラ行,音便条件形,ある,ありゃ,*
お,1064,1064,11885,接尾辞,動詞性接尾辞,子音動詞ラ行,語幹,おる,お,*
おる,1061,1061,11885,接尾辞,動詞性接尾辞,子音動詞ラ行,基本形,おる,おる,*
おら,1065,1065,11885,接尾辞,動詞性接尾辞,子音動詞ラ行,未然形,おる,おら,*
おろう,1059,1059,11885,接尾辞,動詞性接尾辞,子音動詞ラ行,意志形,おる,おろう,*
おれ,1066,1066,11885,接尾辞,動詞性接尾辞,子音動詞ラ行,命令形,おる,おれ,*
おれば,1062,1062,11885,接尾辞,動詞性接尾辞,子音動詞ラ行,基本条件形,おる,おれば,*
おり,1063,1063,11885,接尾辞,動詞性接尾辞,子音動詞ラ行,基本連用形,おる,おり,*
おった,1053,1053,11885,接尾辞,動詞性接尾辞,子音動詞ラ行,タ形,おる,おった,*
おったろう,1055,1055,11885,接尾辞,動詞性接尾辞,子音動詞ラ行,タ系推量形,おる,おったろう,*
おったら,1054,1054,11885,接尾辞,動詞性接尾辞,子音動詞ラ行,タ系条件形,おる,おったら,*
おって,1058,1058,11885,接尾辞,動詞性接尾辞,子音動詞ラ行,タ系連用テ形,おる,おって,*
おったり,1056,1056,11885,接尾辞,動詞性接尾辞,子音動詞ラ行,タ系連用タリ形,おる,おったり,*
おっちゃ,1057,1057,11885,接尾辞,動詞性接尾辞,子音動詞ラ行,タ系連用チャ形,おる,おっちゃ,*
おりゃ,1060,1060,11885,接尾辞,動詞性接尾辞,子音動詞ラ行,音便条件形,おる,おりゃ,*
する,989,989,9554,接尾辞,動詞性接尾辞,サ変動詞,基本形,する,する,*
さ,995,995,9554,接尾辞,動詞性接尾辞,サ変動詞,未然形,する,さ,*
しよう,987,987,9554,接尾辞,動詞性接尾辞,サ変動詞,意志形,する,しよう,*
しろ,996,996,9554,接尾辞,動詞性接尾辞,サ変動詞,命令形,する,しろ,*
すれば,990,990,9554,接尾辞,動詞性接尾辞,サ変動詞,基本条件形,する,すれば,*
し,991,991,9554,接尾辞,動詞性接尾辞,サ変動詞,基本連用形,する,し,*
した,981,981,9554,接尾辞,動詞性接尾辞,サ変動詞,タ形,する,した,*
したろう,983,983,9554,接尾辞,動詞性接尾辞,サ変動詞,タ系推量形,する,したろう,*
したら,982,982,9554,接尾辞,動詞性接尾辞,サ変動詞,タ系条件形,する,したら,*
して,986,986,9554,接尾辞,動詞性接尾辞,サ変動詞,タ系連用テ形,する,して,*
したり,984,984,9554,接尾辞,動詞性接尾辞,サ変動詞,タ系連用タリ形,する,したり,*
しちゃ,985,985,9554,接尾辞,動詞性接尾辞,サ変動詞,タ系連用チャ形,する,しちゃ,*
すりゃ,988,988,9554,接尾辞,動詞性接尾辞,サ変動詞,音便条件形,する,すりゃ,*
す,992,992,9554,接尾辞,動詞性接尾辞,サ変動詞,文語基本形,する,す,*
せ,993,993,9554,接尾辞,動詞性接尾辞,サ変動詞,文語未然形,する,せ,*
せよ,994,994,9554,接尾辞,動詞性接尾辞,サ変動詞,文語命令形,する,せよ,*
事実,1497,1497,6876,副詞,*,*,*,事実,じじつ,*
上,1137,1137,7447,接尾辞,名詞性名詞接尾辞,*,*,上,じょう,*
実際,1497,1497,7123,副詞,*,*,*,実際,じっさい,*
今,1501,1501,7684,名詞,時相名詞,*,*,今,いま,*
通り,1137,1137,8195,接尾辞,名詞性名詞接尾辞,*,*,通り,どおり,*
いつも,1497,1497,7971,副詞,*,*,*,いつも,いつも,*
初めて,1497,1497,7169,副詞,*,*,*,初めて,はじめて,*
尽くし,1137,1137,8698,接尾辞,名詞性名詞接尾辞,*,*,尽くし,づくし,*
づくし,1137,1137,9440,接尾辞,名詞性名詞接尾辞,*,*,づくし,づくし,*
区,1135,1135,6262,接尾辞,名詞性特殊接尾辞,*,*,区,く,*
泉,1505,1505,9794,名詞,地名,*,*,泉,いずみ,*
北,1505,1505,10757,名詞,地名,*,*,北,きた,*
幸,1505,1505,10080,名詞,地名,*,*,幸,さいわい,*
栄,1505,1505,9324,名詞,地名,*,*,栄,さかえ,*
中,1505,1505,7824,名詞,地名,*,*,中,なか,*
西,1505,1505,10475,名詞,地名,*,*,西,にし,*
東,1505,1505,12689,名詞,地名,*,*,東,ひがし,*
緑,1505,1505,9133,名詞,地名,*,*,緑,みどり,*
港,1505,1505,8356,名詞,地名,*,*,港,みなと,*
南,1505,1505,10899,名詞,地名,*,*,南,みなみ,*
中央,1505,1505,10023,名詞,地名,*,*,中央,ちゅうおう,*
若葉,1505,1505,9874,名詞,地名,*,*,若葉,わかば,*
京都,1505,1505,9406,名詞,地名,*,*,京都,みやこ,*
郡,1135,1135,9017,接尾辞,名詞性特殊接尾辞,*,*,郡,ぐん,*
本願寺,1505,1505,11021,名詞,地名,*,*,本願寺,ほんがんじ,*
町,1135,1135,8664,接尾辞,名詞性特殊接尾辞,*,*,町,ちょう,*
都,1135,1135,9661,接尾辞,名詞性特殊接尾辞,*,*,都,と,*
府,1135,1135,10121,接尾辞,名詞性特殊接尾辞,*,*,府,ふ,*
日,1505,1505,7841,名詞,地名,*,*,日,にち,*
米,1505,1505,5112,名詞,地名,*,*,米,べい,*
英,1505,1505,8225,名詞,地名,*,*,英,えい,*
日,1505,1505,7841,名詞,地名,*,*,日,にっ,*
ソ,1505,1505,5260,名詞,地名,*,*,ソ,そ,*
朝,1505,1505,4447,名詞,地名,*,*,朝,ちょう,*
中,1505,1505,7824,名詞,地名,*,*,中,ちゅう,*
台,1505,1505,10018,名詞,地名,*,*,台,たい,*
京,1505,1505,9674,名詞,地名,*,*,京,けい,*
阪,1505,1505,5855,名詞,地名,*,*,阪,はん,*
神,1505,1505,9449,名詞,地名,*,*,神,しん,*
対,1506,1506,10228,名詞,普通名詞,*,*,対,たい,*
親,1506,1506,9357,名詞,普通名詞,*,*,親,しん,*
在,1506,1506,8260,名詞,普通名詞,*,*,在,ざい,*
駐,1506,1506,8429,名詞,普通名詞,*,*,駐,ちゅう,*
抗,1506,1506,8377,名詞,普通名詞,*,*,抗,こう,*
来,1506,1506,7031,名詞,普通名詞,*,*,来,らい,*
訪,1506,1506,7533,名詞,普通名詞,*,*,訪,ほう,*
印,1505,1505,8533,名詞,地名,*,*,印,いん,*
渡,1506,1506,7950,名詞,普通名詞,*,*,渡,と,*
政府,1506,1506,8253,名詞,普通名詞,*,*,政府,せいふ,*
大統領,1506,1506,8368,名詞,普通名詞,*,*,大統領,だいとうりょう,*
首相,1506,1506,6286,名詞,普通名詞,*,*,首相,しゅしょう,*
相,1506,1506,10435,名詞,普通名詞,*,*,相,しょう,*
軍,1506,1506,7695,名詞,普通名詞,*,*,軍,ぐん,*
企業,1506,1506,7833,名詞,普通名詞,*,*,企業,きぎょう,*
国民,1506,1506,7868,名詞,普通名詞,*,*,国民,こくみん,*
側,1506,1506,8574,名詞,普通名詞,*,*,側,がわ,*
王室,1506,1506,8375,名詞,普通名詞,*,*,王室,おうしつ,*
文学,1506,1506,8504,名詞,普通名詞,*,*,文学,ぶんがく,*
連邦,1506,1506,8180,名詞,普通名詞,*,*,連邦,れんぽう,*
領,1506,1506,7914,名詞,普通名詞,*,*,領,りょう,*
国立,1506,1506,8376,名詞,普通名詞,*,*,国立,こくりつ,*
系,1506,1506,8520,名詞,普通名詞,*,*,系,けい,*
衆,1506,1506,8510,名詞,普通名詞,*,*,衆,しゅう,*
参,1506,1506,9709,名詞,普通名詞,*,*,参,さん,*
総務,1506,1506,8375,名詞,普通名詞,*,*,総務,そうむ,*
郵政,1506,1506,8389,名詞,普通名詞,*,*,郵政,ゆうせい,*
自治,1506,1506,8076,名詞,普通名詞,*,*,自治,じち,*
法,1506,1506,7793,名詞,普通名詞,*,*,法,ほう,*
財務,1506,1506,8375,名詞,普通名詞,*,*,財務,ざいむ,*
蔵,1506,1506,8026,名詞,普通名詞,*,*,蔵,ぞう,*
文,1506,1506,8752,名詞,普通名詞,*,*,文,ぶん,*
厚,1506,1506,7361,名詞,普通名詞,*,*,厚,こう,*
労,1506,1506,7840,名詞,普通名詞,*,*,労,ろう,*
農,1506,1506,9464,名詞,普通名詞,*,*,農,のう,*
国交,1506,1506,7470,名詞,普通名詞,*,*,国交,こっこう,*
建設,1498,1498,7424,名詞,サ変名詞,*,*,建設,けんせつ,*
運輸,1498,1498,7461,名詞,サ変名詞,*,*,運輸,うんゆ,*
環境,1506,1506,8324,名詞,普通名詞,*,*,環境,かんきょう,*
国務,1506,1506,6815,名詞,普通名詞,*,*,国務,こくむ,*
陸,1506,1506,9824,名詞,普通名詞,*,*,陸,りく,*
内,1506,1506,9183,名詞,普通名詞,*,*,内,ない,*
２,1503,1503,9347,名詞,数詞,*,*,２,にい,*
二,1503,1503,9099,名詞,数詞,*,*,二,にい,*
中,1506,1506,8171,名詞,普通名詞,*,*,中,ちゅう,*
高,1506,1506,9089,名詞,普通名詞,*,*,高,こう,*
