個,1136,1136,11776,接尾辞,名詞性名詞助数辞,*,*,個,こ,*
ヶ,1136,1136,7800,接尾辞,名詞性名詞助数辞,*,*,ヶ,か,*
箇,1136,1136,10924,接尾辞,名詞性名詞助数辞,*,*,箇,か,*
か所,1136,1136,10905,接尾辞,名詞性名詞助数辞,*,*,か所,かしょ,*
カ所,1136,1136,7798,接尾辞,名詞性名詞助数辞,*,*,カ所,かしょ,*
ヶ所,1136,1136,7800,接尾辞,名詞性名詞助数辞,*,*,ヶ所,かしょ,*
箇所,1136,1136,10918,接尾辞,名詞性名詞助数辞,*,*,箇所,かしょ,*
か国,1136,1136,10915,接尾辞,名詞性名詞助数辞,*,*,か国,かこく,*
カ国,1136,1136,7802,接尾辞,名詞性名詞助数辞,*,*,カ国,かこく,*
ヶ国,1136,1136,7800,接尾辞,名詞性名詞助数辞,*,*,ヶ国,かこく,*
箇国,1136,1136,10918,接尾辞,名詞性名詞助数辞,*,*,箇国,かこく,*
人,1136,1136,10746,接尾辞,名詞性名詞助数辞,*,*,人,にん,*
名,1136,1136,13099,接尾辞,名詞性名詞助数辞,*,*,名,めい,*
本,1136,1136,11892,接尾辞,名詞性名詞助数辞,*,*,本,ほん,*
冊,1136,1136,10920,接尾辞,名詞性名詞助数辞,*,*,冊,さつ,*
通,1136,1136,12371,接尾辞,名詞性名詞助数辞,*,*,通,つう,*
台,1136,1136,11651,接尾辞,名詞性名詞助数辞,*,*,台,だい,*
匹,1136,1136,10917,接尾辞,名詞性名詞助数辞,*,*,匹,ひき,*
羽,1136,1136,10933,接尾辞,名詞性名詞助数辞,*,*,羽,わ,*
頭,1136,1136,10830,接尾辞,名詞性名詞助数辞,*,*,頭,とう,*
件,1136,1136,12004,接尾辞,名詞性名詞助数辞,*,*,件,けん,*
隻,1136,1136,10918,接尾辞,名詞性名詞助数辞,*,*,隻,せき,*
杯,1136,1136,9040,接尾辞,名詞性名詞助数辞,*,*,杯,はい,*
歩,1136,1136,11702,接尾辞,名詞性名詞助数辞,*,*,歩,ほ,*
滴,1136,1136,10915,接尾辞,名詞性名詞助数辞,*,*,滴,てき,*
社,1136,1136,11568,接尾辞,名詞性名詞助数辞,*,*,社,しゃ,*
会,1136,1136,15385,接尾辞,名詞性名詞助数辞,*,*,会,かい,*
歳,1136,1136,10816,接尾辞,名詞性名詞助数辞,*,*,歳,さい,*
才,1136,1136,10920,接尾辞,名詞性名詞助数辞,*,*,才,さい,*
条,1136,1136,11317,接尾辞,名詞性名詞助数辞,*,*,条,じょう,*
項,1136,1136,10603,接尾辞,名詞性名詞助数辞,*,*,項,こう,*
単位,1136,1136,11411,接尾辞,名詞性名詞助数辞,*,*,単位,たんい,*
番,1136,1136,6992,接尾辞,名詞性名詞助数辞,*,*,番,ばん,*
等,1136,1136,12132,接尾辞,名詞性名詞助数辞,*,*,等,とう,*
位,1136,1136,7866,接尾辞,名詞性名詞助数辞,*,*,位,い,*
種類,1136,1136,11215,接尾辞,名詞性名詞助数辞,*,*,種類,しゅるい,*
度,1136,1136,11062,接尾辞,名詞性名詞助数辞,*,*,度,ど,*
回,1136,1136,12065,接尾辞,名詞性名詞助数辞,*,*,回,かい,*
周,1136,1136,14209,接尾辞,名詞性名詞助数辞,*,*,周,しゅう,*
遍,1136,1136,10920,接尾辞,名詞性名詞助数辞,*,*,遍,へん,*
倍,1136,1136,10345,接尾辞,名詞性名詞助数辞,*,*,倍,ばい,*
％,1136,1136,6052,接尾辞,名詞性名詞助数辞,*,*,％,ぱーせんと,*
割,1136,1136,8986,接尾辞,名詞性名詞助数辞,*,*,割,わり,*
厘,1136,1136,10918,接尾辞,名詞性名詞助数辞,*,*,厘,りん,*
乗,1136,1136,11199,接尾辞,名詞性名詞助数辞,*,*,乗,じょう,*
増,1136,1136,9617,接尾辞,名詞性名詞助数辞,*,*,増,ぞう,*
減,1136,1136,11188,接尾辞,名詞性名詞助数辞,*,*,減,げん,*
連続,1136,1136,10269,接尾辞,名詞性名詞助数辞,*,*,連続,れんぞく,*
余り,1136,1136,9932,接尾辞,名詞性名詞助数辞,*,*,余り,あまり,*
余,1136,1136,11303,接尾辞,名詞性名詞助数辞,*,*,余,あまり,*
あまり,1136,1136,10858,接尾辞,名詞性名詞助数辞,*,*,あまり,あまり,*
戦,1136,1136,14142,接尾辞,名詞性名詞助数辞,*,*,戦,せん,*
勝,1136,1136,10223,接尾辞,名詞性名詞助数辞,*,*,勝,しょう,*
敗,1136,1136,10794,接尾辞,名詞性名詞助数辞,*,*,敗,はい,*
通り,1136,1136,9742,接尾辞,名詞性名詞助数辞,*,*,通り,とおり,*
とおり,1136,1136,10903,接尾辞,名詞性名詞助数辞,*,*,とおり,とおり,*
号,1136,1136,10610,接尾辞,名詞性名詞助数辞,*,*,号,ごう,*
階,1136,1136,12450,接尾辞,名詞性名詞助数辞,*,*,階,かい,*
泊,1136,1136,11481,接尾辞,名詞性名詞助数辞,*,*,泊,はく,*
世,1136,1136,11545,接尾辞,名詞性名詞助数辞,*,*,世,せい,*
基,1136,1136,12004,接尾辞,名詞性名詞助数辞,*,*,基,き,*
枚,1136,1136,10923,接尾辞,名詞性名詞助数辞,*,*,枚,まい,*
点,1136,1136,10941,接尾辞,名詞性名詞助数辞,*,*,点,てん,*
回生,1136,1136,11000,接尾辞,名詞性名詞助数辞,*,*,回生,かいせい,*
期生,1136,1136,10945,接尾辞,名詞性名詞助数辞,*,*,期生,きせい,*
年生,1136,1136,11015,接尾辞,名詞性名詞助数辞,*,*,年生,ねんせい,*
丁,1136,1136,10631,接尾辞,名詞性名詞助数辞,*,*,丁,ちょう,*
丁目,1136,1136,10127,接尾辞,名詞性名詞助数辞,*,*,丁目,ちょうめ,*
次,1136,1136,11043,接尾辞,名詞性名詞助数辞,*,*,次,じ,*
合,1136,1136,11485,接尾辞,名詞性名詞助数辞,*,*,合,ごう,*
軒,1136,1136,10921,接尾辞,名詞性名詞助数辞,*,*,軒,けん,*
戸,1136,1136,14830,接尾辞,名詞性名詞助数辞,*,*,戸,こ,*
角形,1136,1136,10753,接尾辞,名詞性名詞助数辞,*,*,角形,かくけい,*
センチ,1136,1136,8126,接尾辞,名詞性名詞助数辞,*,*,センチ,せんち,*
メートル,1136,1136,7294,接尾辞,名詞性名詞助数辞,*,*,メートル,めーとる,*
センチメートル,1136,1136,7800,接尾辞,名詞性名詞助数辞,*,*,センチメートル,せんちめーとる,*
ｋｍ,1136,1136,10051,接尾辞,名詞性名詞助数辞,*,*,ｋｍ,きろめーとる,*
ｍ,1136,1136,10051,接尾辞,名詞性名詞助数辞,*,*,ｍ,めーとる,*
ｃｍ,1136,1136,10051,接尾辞,名詞性名詞助数辞,*,*,ｃｍ,せんちめーとる,*
ｍｍ,1136,1136,10051,接尾辞,名詞性名詞助数辞,*,*,ｍｍ,みりめーとる,*
マイル,1136,1136,7979,接尾辞,名詞性名詞助数辞,*,*,マイル,まいる,*
光秒,1136,1136,10918,接尾辞,名詞性名詞助数辞,*,*,光秒,こうびょう,*
光年,1136,1136,10912,接尾辞,名詞性名詞助数辞,*,*,光年,こうねん,*
寸,1136,1136,11088,接尾辞,名詞性名詞助数辞,*,*,寸,すん,*
尺,1136,1136,10914,接尾辞,名詞性名詞助数辞,*,*,尺,しゃく,*
Å,1136,1136,6163,接尾辞,名詞性名詞助数辞,*,*,Å,おんぐすとろーむ,*
オングストローム,1136,1136,7800,接尾辞,名詞性名詞助数辞,*,*,オングストローム,おんぐすとろーむ,*
インチ,1136,1136,7796,接尾辞,名詞性名詞助数辞,*,*,インチ,いんち,*
ヤード,1136,1136,7812,接尾辞,名詞性名詞助数辞,*,*,ヤード,やーど,*
フィート,1136,1136,7800,接尾辞,名詞性名詞助数辞,*,*,フィート,ふぃーと,*
ガル,1136,1136,7919,接尾辞,名詞性名詞助数辞,*,*,ガル,がる,*
トン,1136,1136,8251,接尾辞,名詞性名詞助数辞,*,*,トン,とん,*
グラム,1136,1136,8236,接尾辞,名詞性名詞助数辞,*,*,グラム,ぐらむ,*
ｔ,1136,1136,10051,接尾辞,名詞性名詞助数辞,*,*,ｔ,とん,*
ｋｇ,1136,1136,10051,接尾辞,名詞性名詞助数辞,*,*,ｋｇ,きろぐらむ,*
ｇ,1136,1136,10051,接尾辞,名詞性名詞助数辞,*,*,ｇ,ぐらむ,*
ｍｇ,1136,1136,10051,接尾辞,名詞性名詞助数辞,*,*,ｍｇ,みりぐらむ,*
£,1136,1136,6163,接尾辞,名詞性名詞助数辞,*,*,£,ぽんど,*
ポンド,1136,1136,7799,接尾辞,名詞性名詞助数辞,*,*,ポンド,ぽんど,*
平方ミリメートル,1136,1136,10918,接尾辞,名詞性名詞助数辞,*,*,平方ミリメートル,へいほうみりめーとる,*
平方センチメートル,1136,1136,10918,接尾辞,名詞性名詞助数辞,*,*,平方センチメートル,へいほうせんちめーとる,*
平方メートル,1136,1136,10905,接尾辞,名詞性名詞助数辞,*,*,平方メートル,へいほうめーとる,*
平方キロメートル,1136,1136,10888,接尾辞,名詞性名詞助数辞,*,*,平方キロメートル,へいほうきろめーとる,*
平方キロ,1136,1136,10945,接尾辞,名詞性名詞助数辞,*,*,平方キロ,へいほうきろ,*
ｍｍ２,1136,1136,10051,接尾辞,名詞性名詞助数辞,*,*,ｍｍ２,へいほうみりめーとる,*
ｃｍ２,1136,1136,10051,接尾辞,名詞性名詞助数辞,*,*,ｃｍ２,へいほうせんちめーとる,*
ｍ２,1136,1136,10051,接尾辞,名詞性名詞助数辞,*,*,ｍ２,へいほうめーとる,*
ｋｍ２,1136,1136,10051,接尾辞,名詞性名詞助数辞,*,*,ｋｍ２,へいほうきろめーとる,*
アール,1136,1136,7800,接尾辞,名詞性名詞助数辞,*,*,アール,あーる,*
ヘクタール,1136,1136,7791,接尾辞,名詞性名詞助数辞,*,*,ヘクタール,へくたーる,*
ａ,1136,1136,10049,接尾辞,名詞性名詞助数辞,*,*,ａ,あーる,*
ｈａ,1136,1136,10051,接尾辞,名詞性名詞助数辞,*,*,ｈａ,へくたーる,*
エーカー,1136,1136,7800,接尾辞,名詞性名詞助数辞,*,*,エーカー,えーかー,*
坪,1136,1136,10918,接尾辞,名詞性名詞助数辞,*,*,坪,つぼ,*
つぼ,1136,1136,11313,接尾辞,名詞性名詞助数辞,*,*,つぼ,つぼ,*
畳,1136,1136,10921,接尾辞,名詞性名詞助数辞,*,*,畳,じょう,*
じょう,1136,1136,10905,接尾辞,名詞性名詞助数辞,*,*,じょう,じょう,*
平米,1136,1136,10918,接尾辞,名詞性名詞助数辞,*,*,平米,へいべい,*
へいべい,1136,1136,10905,接尾辞,名詞性名詞助数辞,*,*,へいべい,へいべい,*
円,1136,1136,8763,接尾辞,名詞性名詞助数辞,*,*,円,えん,*
銭,1136,1136,11013,接尾辞,名詞性名詞助数辞,*,*,銭,せん,*
両,1136,1136,12762,接尾辞,名詞性名詞助数辞,*,*,両,りょう,*
ドル,1136,1136,6867,接尾辞,名詞性名詞助数辞,*,*,ドル,どる,*
セント,1136,1136,8253,接尾辞,名詞性名詞助数辞,*,*,セント,せんと,*
ユーロ,1136,1136,7800,接尾辞,名詞性名詞助数辞,*,*,ユーロ,ゆーろ,*
フラン,1136,1136,7497,接尾辞,名詞性名詞助数辞,*,*,フラン,ふらん,*
ペソ,1136,1136,7511,接尾辞,名詞性名詞助数辞,*,*,ペソ,ぺそ,*
ルーブル,1136,1136,7754,接尾辞,名詞性名詞助数辞,*,*,ルーブル,るーぶる,*
マルク,1136,1136,7805,接尾辞,名詞性名詞助数辞,*,*,マルク,まるく,*
元,1136,1136,13055,接尾辞,名詞性名詞助数辞,*,*,元,げん,*
ウォン,1136,1136,7802,接尾辞,名詞性名詞助数辞,*,*,ウォン,うぉん,*
ルピー,1136,1136,7797,接尾辞,名詞性名詞助数辞,*,*,ルピー,るぴー,*
バーツ,1136,1136,7783,接尾辞,名詞性名詞助数辞,*,*,バーツ,ばーつ,*
世紀,1136,1136,10713,接尾辞,名詞性名詞助数辞,*,*,世紀,せいき,*
年度,1136,1136,9539,接尾辞,名詞性名詞助数辞,*,*,年度,ねんど,*
月,1136,1136,8134,接尾辞,名詞性名詞助数辞,*,*,月,がつ,*
週,1136,1136,11523,接尾辞,名詞性名詞助数辞,*,*,週,しゅう,*
日,1136,1136,9692,接尾辞,名詞性名詞助数辞,*,*,日,にち,*
時,1136,1136,9562,接尾辞,名詞性名詞助数辞,*,*,時,じ,*
分,1136,1136,9760,接尾辞,名詞性名詞助数辞,*,*,分,ふん,*
秒,1136,1136,10808,接尾辞,名詞性名詞助数辞,*,*,秒,びょう,*
年間,1136,1136,9796,接尾辞,名詞性名詞助数辞,*,*,年間,ねんかん,*
か年,1136,1136,10901,接尾辞,名詞性名詞助数辞,*,*,か年,かねん,*
カ年,1136,1136,7799,接尾辞,名詞性名詞助数辞,*,*,カ年,かねん,*
ヶ年,1136,1136,7800,接尾辞,名詞性名詞助数辞,*,*,ヶ年,かねん,*
箇年,1136,1136,10918,接尾辞,名詞性名詞助数辞,*,*,箇年,かねん,*
月間,1136,1136,10993,接尾辞,名詞性名詞助数辞,*,*,月間,つきかん,*
か月,1136,1136,10905,接尾辞,名詞性名詞助数辞,*,*,か月,かげつ,*
カ月,1136,1136,7890,接尾辞,名詞性名詞助数辞,*,*,カ月,かげつ,*
ヶ月,1136,1136,7800,接尾辞,名詞性名詞助数辞,*,*,ヶ月,かげつ,*
箇月,1136,1136,10918,接尾辞,名詞性名詞助数辞,*,*,箇月,かげつ,*
か月間,1136,1136,10905,接尾辞,名詞性名詞助数辞,*,*,か月間,かげつかん,*
カ月間,1136,1136,7703,接尾辞,名詞性名詞助数辞,*,*,カ月間,かげつかん,*
ヶ月間,1136,1136,7800,接尾辞,名詞性名詞助数辞,*,*,ヶ月間,かげつかん,*
箇月間,1136,1136,10918,接尾辞,名詞性名詞助数辞,*,*,箇月間,かげつかん,*
週間,1136,1136,10975,接尾辞,名詞性名詞助数辞,*,*,週間,しゅうかん,*
日間,1136,1136,9669,接尾辞,名詞性名詞助数辞,*,*,日間,にちかん,*
時間,1136,1136,9013,接尾辞,名詞性名詞助数辞,*,*,時間,じかん,*
分間,1136,1136,10427,接尾辞,名詞性名詞助数辞,*,*,分間,ふんかん,*
秒間,1136,1136,10913,接尾辞,名詞性名詞助数辞,*,*,秒間,びょうかん,*
立方センチメートル,1136,1136,10918,接尾辞,名詞性名詞助数辞,*,*,立方センチメートル,りっぽうせんちめーとる,*
立方メートル,1136,1136,10918,接尾辞,名詞性名詞助数辞,*,*,立方メートル,りっぽうめーとる,*
立方キロメートル,1136,1136,10918,接尾辞,名詞性名詞助数辞,*,*,立方キロメートル,りっぽうきろめーとる,*
立方キロ,1136,1136,10918,接尾辞,名詞性名詞助数辞,*,*,立方キロ,りっぽうきろ,*
ｃｍ３,1136,1136,10051,接尾辞,名詞性名詞助数辞,*,*,ｃｍ３,りっぽうめーとる,*
ｍ３,1136,1136,10051,接尾辞,名詞性名詞助数辞,*,*,ｍ３,りっぽうめーとる,*
ｋｍ３,1136,1136,10051,接尾辞,名詞性名詞助数辞,*,*,ｋｍ３,りっぽうきろめーとる,*
リットル,1136,1136,7782,接尾辞,名詞性名詞助数辞,*,*,リットル,りっとる,*
ｍｌ,1136,1136,10051,接尾辞,名詞性名詞助数辞,*,*,ｍｌ,みりりっとる,*
ｌ,1136,1136,10051,接尾辞,名詞性名詞助数辞,*,*,ｌ,りっとる,*
ｋｌ,1136,1136,10051,接尾辞,名詞性名詞助数辞,*,*,ｋｌ,きろりっとる,*
ｃｃ,1136,1136,10051,接尾辞,名詞性名詞助数辞,*,*,ｃｃ,しーしー,*
ＣＣ,1136,1136,10580,接尾辞,名詞性名詞助数辞,*,*,ＣＣ,しーしー,*
バレル,1136,1136,8180,接尾辞,名詞性名詞助数辞,*,*,バレル,ばれる,*
ガロン,1136,1136,7800,接尾辞,名詞性名詞助数辞,*,*,ガロン,がろん,*
℃,1136,1136,6163,接尾辞,名詞性名詞助数辞,*,*,℃,どしー,*
Ｋ,1136,1136,11105,接尾辞,名詞性名詞助数辞,*,*,Ｋ,けるびん,*
ケルビン,1136,1136,7800,接尾辞,名詞性名詞助数辞,*,*,ケルビン,けるびん,*
ボルト,1136,1136,7793,接尾辞,名詞性名詞助数辞,*,*,ボルト,ぼると,*
ｍＶ,1136,1136,10051,接尾辞,名詞性名詞助数辞,*,*,ｍＶ,みりぼると,*
Ｖ,1136,1136,10336,接尾辞,名詞性名詞助数辞,*,*,Ｖ,ぼると,*
ｋＶ,1136,1136,10051,接尾辞,名詞性名詞助数辞,*,*,ｋＶ,きろぼると,*
アンペア,1136,1136,7800,接尾辞,名詞性名詞助数辞,*,*,アンペア,あんぺあ,*
ｍＡ,1136,1136,10051,接尾辞,名詞性名詞助数辞,*,*,ｍＡ,みりあんぺあ,*
Ａ,1136,1136,11757,接尾辞,名詞性名詞助数辞,*,*,Ａ,あんぺあ,*
ｋＡ,1136,1136,10051,接尾辞,名詞性名詞助数辞,*,*,ｋＡ,きろあんぺあ,*
ワット,1136,1136,7772,接尾辞,名詞性名詞助数辞,*,*,ワット,わっと,*
ｍＷ,1136,1136,10051,接尾辞,名詞性名詞助数辞,*,*,ｍＷ,みりわっと,*
Ｗ,1136,1136,10354,接尾辞,名詞性名詞助数辞,*,*,Ｗ,わっと,*
ｋＷ,1136,1136,10051,接尾辞,名詞性名詞助数辞,*,*,ｋＷ,きろわっと,*
ヘルツ,1136,1136,7800,接尾辞,名詞性名詞助数辞,*,*,ヘルツ,へるつ,*
Ｈｚ,1136,1136,10051,接尾辞,名詞性名詞助数辞,*,*,Ｈｚ,へるつ,*
ｋＨｚ,1136,1136,10051,接尾辞,名詞性名詞助数辞,*,*,ｋＨｚ,きろへるつ,*
ＭＨｚ,1136,1136,10051,接尾辞,名詞性名詞助数辞,*,*,ＭＨｚ,めがへるつ,*
ビット,1136,1136,8245,接尾辞,名詞性名詞助数辞,*,*,ビット,びっと,*
バイト,1136,1136,7800,接尾辞,名詞性名詞助数辞,*,*,バイト,ばいと,*
ｂｉｔ,1136,1136,10051,接尾辞,名詞性名詞助数辞,*,*,ｂｉｔ,びっと,*
ｂｙｔｅ,1136,1136,10051,接尾辞,名詞性名詞助数辞,*,*,ｂｙｔｅ,ばいと,*
ＫＢ,1136,1136,10151,接尾辞,名詞性名詞助数辞,*,*,ＫＢ,きろばいと,*
ＭＢ,1136,1136,10053,接尾辞,名詞性名詞助数辞,*,*,ＭＢ,めがばいと,*
ＧＢ,1136,1136,10051,接尾辞,名詞性名詞助数辞,*,*,ＧＢ,ぎがばいと,*
ホン,1136,1136,8140,接尾辞,名詞性名詞助数辞,*,*,ホン,ほん,*
ルクス,1136,1136,7800,接尾辞,名詞性名詞助数辞,*,*,ルクス,るくす,*
゜,1136,1136,10893,接尾辞,名詞性名詞助数辞,*,*,゜,ど,*
ヘクトパスカル,1136,1136,7800,接尾辞,名詞性名詞助数辞,*,*,ヘクトパスカル,へくとぱすかる,*
ｈＰａ,1136,1136,10051,接尾辞,名詞性名詞助数辞,*,*,ｈＰａ,へくとぱすかる,*
超,1135,1135,10636,接尾辞,名詞性特殊接尾辞,*,*,超,ちょう,*
以内,1135,1135,10802,接尾辞,名詞性特殊接尾辞,*,*,以内,いない,*
暮れ,1135,1135,9297,接尾辞,名詞性特殊接尾辞,*,*,暮れ,くれ,*
くれ,1135,1135,12115,接尾辞,名詞性特殊接尾辞,*,*,くれ,くれ,*
末,1135,1135,9078,接尾辞,名詞性特殊接尾辞,*,*,末,まつ,*
限り,1135,1135,11334,接尾辞,名詞性特殊接尾辞,*,*,限り,かぎり,*
かぎり,1135,1135,11475,接尾辞,名詞性特殊接尾辞,*,*,かぎり,かぎり,*
過ぎ,1135,1135,9653,接尾辞,名詞性特殊接尾辞,*,*,過ぎ,すぎ,*
すぎ,1135,1135,12839,接尾辞,名詞性特殊接尾辞,*,*,すぎ,すぎ,*
以降,1135,1135,9581,接尾辞,名詞性特殊接尾辞,*,*,以降,いこう,*
以来,1135,1135,9483,接尾辞,名詞性特殊接尾辞,*,*,以来,いらい,*
以後,1135,1135,8849,接尾辞,名詞性特殊接尾辞,*,*,以後,いご,*
以前,1135,1135,9834,接尾辞,名詞性特殊接尾辞,*,*,以前,いぜん,*
半,1135,1135,11815,接尾辞,名詞性特殊接尾辞,*,*,半,はん,*
強,1135,1135,12783,接尾辞,名詞性特殊接尾辞,*,*,強,きょう,*
弱,1135,1135,10189,接尾辞,名詞性特殊接尾辞,*,*,弱,じゃく,*
付,1135,1135,10025,接尾辞,名詞性特殊接尾辞,*,*,付,づけ,*
道,1135,1135,14304,接尾辞,名詞性特殊接尾辞,*,*,道,どう,*
県,1135,1135,8283,接尾辞,名詞性特殊接尾辞,*,*,県,けん,*
市,1135,1135,9472,接尾辞,名詞性特殊接尾辞,*,*,市,し,*
村,1135,1135,11269,接尾辞,名詞性特殊接尾辞,*,*,村,むら,*
州,1135,1135,13483,接尾辞,名詞性特殊接尾辞,*,*,州,しゅう,*
省,1135,1135,11857,接尾辞,名詞性特殊接尾辞,*,*,省,しょう,*
さん,1137,1137,7709,接尾辞,名詞性名詞接尾辞,*,*,さん,さん,*
君,1137,1137,7078,接尾辞,名詞性名詞接尾辞,*,*,君,くん,*
くん,1137,1137,9457,接尾辞,名詞性名詞接尾辞,*,*,くん,くん,*
様,1137,1137,8778,接尾辞,名詞性名詞接尾辞,*,*,様,さま,*
さま,1137,1137,9567,接尾辞,名詞性名詞接尾辞,*,*,さま,さま,*
殿,1137,1137,8524,接尾辞,名詞性名詞接尾辞,*,*,殿,どの,*
氏,1137,1137,4486,接尾辞,名詞性名詞接尾辞,*,*,氏,し,*
ちゃん,1137,1137,6996,接尾辞,名詞性名詞接尾辞,*,*,ちゃん,ちゃん,*
チャン,1137,1137,11441,接尾辞,名詞性名詞接尾辞,*,*,チャン,ちゃん,*
以上,1137,1137,5887,接尾辞,名詞性名詞接尾辞,*,*,以上,いじょう,*
以下,1137,1137,8227,接尾辞,名詞性名詞接尾辞,*,*,以下,いか,*
未満,1137,1137,8618,接尾辞,名詞性名詞接尾辞,*,*,未満,みまん,*
近く,1137,1137,9260,接尾辞,名詞性名詞接尾辞,*,*,近く,ちかく,*
ちかく,1137,1137,9440,接尾辞,名詞性名詞接尾辞,*,*,ちかく,ちかく,*
以外,1137,1137,7224,接尾辞,名詞性名詞接尾辞,*,*,以外,いがい,*
率,1137,1137,8182,接尾辞,名詞性名詞接尾辞,*,*,率,りつ,*
くらい,1137,1137,11641,接尾辞,名詞性名詞接尾辞,*,*,くらい,くらい,*
ぐらい,1137,1137,10098,接尾辞,名詞性名詞接尾辞,*,*,ぐらい,ぐらい,*
程,1137,1137,10246,接尾辞,名詞性名詞接尾辞,*,*,程,ほど,*
ほど,1137,1137,7166,接尾辞,名詞性名詞接尾辞,*,*,ほど,ほど,*
間,1137,1137,9857,接尾辞,名詞性名詞接尾辞,*,*,間,かん,*
前,1137,1137,7081,接尾辞,名詞性名詞接尾辞,*,*,前,まえ,*
後,1137,1137,8203,接尾辞,名詞性名詞接尾辞,*,*,後,ご,*
前後,1137,1137,10188,接尾辞,名詞性名詞接尾辞,*,*,前後,ぜんご,*
程度,1137,1137,8280,接尾辞,名詞性名詞接尾辞,*,*,程度,ていど,*
頃,1137,1137,8754,接尾辞,名詞性名詞接尾辞,*,*,頃,ころ,*
ころ,1137,1137,9779,接尾辞,名詞性名詞接尾辞,*,*,ころ,ころ,*
ごろ,1137,1137,9966,接尾辞,名詞性名詞接尾辞,*,*,ごろ,ごろ,*
ずつ,1137,1137,9440,接尾辞,名詞性名詞接尾辞,*,*,ずつ,ずつ,*
あたり,1137,1137,10966,接尾辞,名詞性名詞接尾辞,*,*,あたり,あたり,*
当たり,1137,1137,7360,接尾辞,名詞性名詞接尾辞,*,*,当たり,あたり,*
当り,1137,1137,8660,接尾辞,名詞性名詞接尾辞,*,*,当り,あたり,*
辺り,1137,1137,9086,接尾辞,名詞性名詞接尾辞,*,*,辺り,あたり,*
おき,1137,1137,9639,接尾辞,名詞性名詞接尾辞,*,*,おき,おき,*
ごと,1137,1137,9525,接尾辞,名詞性名詞接尾辞,*,*,ごと,ごと,*
振り,1137,1137,8737,接尾辞,名詞性名詞接尾辞,*,*,振り,ぶり,*
振,1137,1137,10790,接尾辞,名詞性名詞接尾辞,*,*,振,ぶり,*
ぶり,1137,1137,8130,接尾辞,名詞性名詞接尾辞,*,*,ぶり,ぶり,*
っぷり,1137,1137,9510,接尾辞,名詞性名詞接尾辞,*,*,っぷり,っぷり,*
目,1137,1137,8355,接尾辞,名詞性名詞接尾辞,*,*,目,め,*
め,1137,1137,9335,接尾辞,名詞性名詞接尾辞,*,*,め,め,*
だらけ,1137,1137,9434,接尾辞,名詞性名詞接尾辞,*,*,だらけ,だらけ,*
さなか,1137,1137,10048,接尾辞,名詞性名詞接尾辞,*,*,さなか,さなか,*
かたがた,1137,1137,9440,接尾辞,名詞性名詞接尾辞,*,*,かたがた,かたがた,*
自体,1137,1137,8658,接尾辞,名詞性名詞接尾辞,*,*,自体,じたい,*
じたい,1137,1137,9573,接尾辞,名詞性名詞接尾辞,*,*,じたい,じたい,*
達,1137,1137,9552,接尾辞,名詞性名詞接尾辞,*,*,達,たち,*
たち,1137,1137,8352,接尾辞,名詞性名詞接尾辞,*,*,たち,たち,*
ら,1137,1137,11021,接尾辞,名詞性名詞接尾辞,*,*,ら,ら,*
同士,1137,1137,7951,接尾辞,名詞性名詞接尾辞,*,*,同士,どうし,*
どうし,1137,1137,9445,接尾辞,名詞性名詞接尾辞,*,*,どうし,どうし,*
方,1137,1137,13389,接尾辞,名詞性名詞接尾辞,*,*,方,がた,*
型,1137,1137,9338,接尾辞,名詞性名詞接尾辞,*,*,型,かた,*
形,1137,1137,9573,接尾辞,名詞性名詞接尾辞,*,*,形,かた,*
型,1137,1137,9338,接尾辞,名詞性名詞接尾辞,*,*,型,けい,*
形,1137,1137,9573,接尾辞,名詞性名詞接尾辞,*,*,形,けい,*
用,1137,1137,8118,接尾辞,名詞性名詞接尾辞,*,*,用,よう,*
製,1137,1137,8278,接尾辞,名詞性名詞接尾辞,*,*,製,せい,*
家,1137,1137,11421,接尾辞,名詞性名詞接尾辞,*,*,家,か,*
者,1137,1137,8062,接尾辞,名詞性名詞接尾辞,*,*,者,しゃ,*
勢,1137,1137,11062,接尾辞,名詞性名詞接尾辞,*,*,勢,ぜい,*
数,1137,1137,8514,接尾辞,名詞性名詞接尾辞,*,*,数,すう,*
っ子,1137,1137,9488,接尾辞,名詞性名詞接尾辞,*,*,っ子,っこ,*
っこ,1137,1137,9097,接尾辞,名詞性名詞接尾辞,*,*,っこ,っこ,*
代,1137,1137,9161,接尾辞,名詞性名詞接尾辞,*,*,代,だい,*
費,1137,1137,9675,接尾辞,名詞性名詞接尾辞,*,*,費,ひ,*
学,1137,1137,10625,接尾辞,名詞性名詞接尾辞,*,*,学,がく,*
性,1137,1137,8740,接尾辞,名詞性名詞接尾辞,*,*,性,せい,*
的,1137,1137,11754,接尾辞,名詞性名詞接尾辞,*,*,的,てき,*
気味,1137,1137,9912,接尾辞,名詞性名詞接尾辞,*,*,気味,ぎみ,*
ぎみ,1137,1137,9473,接尾辞,名詞性名詞接尾辞,*,*,ぎみ,ぎみ,*
調,1137,1137,9713,接尾辞,名詞性名詞接尾辞,*,*,調,ちょう,*
むき,1137,1137,9456,接尾辞,名詞性名詞接尾辞,*,*,むき,むき,*
向き,1137,1137,8784,接尾辞,名詞性名詞接尾辞,*,*,向き,むき,*
むけ,1137,1137,9441,接尾辞,名詞性名詞接尾辞,*,*,むけ,むけ,*
向け,1137,1137,12561,接尾辞,名詞性名詞接尾辞,*,*,向け,むけ,*
化,1137,1137,7346,接尾辞,名詞性名詞接尾辞,*,*,化,か,*
入り,1137,1137,7105,接尾辞,名詞性名詞接尾辞,*,*,入り,いり,*
あけ,1137,1137,10106,接尾辞,名詞性名詞接尾辞,*,*,あけ,あけ,*
中,1137,1137,8710,接尾辞,名詞性名詞接尾辞,*,*,中,ちゅう,*
下,1137,1137,8442,接尾辞,名詞性名詞接尾辞,*,*,下,か,*
そのもの,1137,1137,6928,接尾辞,名詞性名詞接尾辞,*,*,そのもの,そのもの,*
作り,1137,1137,9649,接尾辞,名詞性名詞接尾辞,*,*,作り,づくり,*
づくり,1137,1137,9440,接尾辞,名詞性名詞接尾辞,*,*,づくり,づくり,*
造り,1137,1137,8703,接尾辞,名詞性名詞接尾辞,*,*,造り,づくり,*
がかり,1137,1137,9340,接尾辞,名詞性名詞接尾辞,*,*,がかり,がかり,*
足らず,1137,1137,8208,接尾辞,名詞性名詞接尾辞,*,*,足らず,たらず,*
たらず,1137,1137,9440,接尾辞,名詞性名詞接尾辞,*,*,たらず,たらず,*
がらみ,1137,1137,9440,接尾辞,名詞性名詞接尾辞,*,*,がらみ,がらみ,*
ぐるみ,1137,1137,9440,接尾辞,名詞性名詞接尾辞,*,*,ぐるみ,ぐるみ,*
ならでは,1137,1137,9434,接尾辞,名詞性名詞接尾辞,*,*,ならでは,ならでは,*
ずみ,1137,1137,9495,接尾辞,名詞性名詞接尾辞,*,*,ずみ,ずみ,*
あて,1137,1137,9526,接尾辞,名詞性名詞接尾辞,*,*,あて,あて,*
宛,1137,1137,8660,接尾辞,名詞性名詞接尾辞,*,*,宛,あて,*
ぞろい,1137,1137,9440,接尾辞,名詞性名詞接尾辞,*,*,ぞろい,ぞろい,*
がえ,1137,1137,9440,接尾辞,名詞性名詞接尾辞,*,*,がえ,がえ,*
側,1137,1137,9248,接尾辞,名詞性名詞接尾辞,*,*,側,がわ,*
ずくめ,1137,1137,9436,接尾辞,名詞性名詞接尾辞,*,*,ずくめ,ずくめ,*
ずく,1137,1137,9455,接尾辞,名詞性名詞接尾辞,*,*,ずく,ずく,*
無し,1137,1137,8665,接尾辞,名詞性名詞接尾辞,*,*,無し,なし,*
なし,1137,1137,8476,接尾辞,名詞性名詞接尾辞,*,*,なし,なし,*
ごとき,1137,1137,9450,接尾辞,名詞性名詞接尾辞,*,*,ごとき,ごとき,*
如き,1137,1137,8660,接尾辞,名詞性名詞接尾辞,*,*,如き,ごとき,*
その他,1137,1137,9080,接尾辞,名詞性名詞接尾辞,*,*,その他,そのた,*
級,1137,1137,8923,接尾辞,名詞性名詞接尾辞,*,*,級,きゅう,*
どころ,1137,1137,9296,接尾辞,名詞性名詞接尾辞,*,*,どころ,どころ,*
づたい,1137,1137,9440,接尾辞,名詞性名詞接尾辞,*,*,づたい,づたい,*
別,1137,1137,10020,接尾辞,名詞性名詞接尾辞,*,*,別,べつ,*
行き,1137,1137,9688,接尾辞,名詞性名詞接尾辞,*,*,行き,いき,*
さ,1134,1134,5006,接尾辞,名詞性述語接尾辞,*,*,さ,さ,*
み,1134,1134,11077,接尾辞,名詞性述語接尾辞,*,*,み,み,*
め,1134,1134,9888,接尾辞,名詞性述語接尾辞,*,*,め,め,*
気,1134,1134,12251,接尾辞,名詞性述語接尾辞,*,*,気,げ,*
げ,1134,1134,9927,接尾辞,名詞性述語接尾辞,*,*,げ,げ,*
方,1134,1134,9830,接尾辞,名詞性述語接尾辞,*,*,方,かた,*
かた,1134,1134,9935,接尾辞,名詞性述語接尾辞,*,*,かた,かた,*
手,1134,1134,13492,接尾辞,名詞性述語接尾辞,*,*,手,て,*
たて,1134,1134,9686,接尾辞,名詞性述語接尾辞,*,*,たて,たて,*
振り,1134,1134,9677,接尾辞,名詞性述語接尾辞,*,*,振り,ぶり,*
振,1134,1134,11060,接尾辞,名詞性述語接尾辞,*,*,振,ぶり,*
ぶり,1134,1134,10608,接尾辞,名詞性述語接尾辞,*,*,ぶり,ぶり,*
っぷり,1134,1134,9881,接尾辞,名詞性述語接尾辞,*,*,っぷり,っぷり,*
放題,1134,1134,9621,接尾辞,名詞性述語接尾辞,*,*,放題,ほうだい,*
ほうだい,1134,1134,9849,接尾辞,名詞性述語接尾辞,*,*,ほうだい,ほうだい,*
様,1134,1134,10505,接尾辞,名詞性述語接尾辞,*,*,様,よう,*
がい,1134,1134,10054,接尾辞,名詞性述語接尾辞,*,*,がい,がい,*
くさ,881,881,10693,接尾辞,形容詞性名詞接尾辞,イ形容詞アウオ段,語幹,くさい,くさ,*
くさい,877,877,10693,接尾辞,形容詞性名詞接尾辞,イ形容詞アウオ段,基本形,くさい,くさい,*
くさかれ,887,887,10693,接尾辞,形容詞性名詞接尾辞,イ形容詞アウオ段,命令形,くさい,くさかれ,*
くさかろう,879,879,10693,接尾辞,形容詞性名詞接尾辞,イ形容詞アウオ段,基本推量形,くさい,くさかろう,*
くさければ,878,878,10693,接尾辞,形容詞性名詞接尾辞,イ形容詞アウオ段,基本条件形,くさい,くさければ,*
くさく,880,880,10693,接尾辞,形容詞性名詞接尾辞,イ形容詞アウオ段,基本連用形,くさい,くさく,*
くさかった,868,868,10693,接尾辞,形容詞性名詞接尾辞,イ形容詞アウオ段,タ形,くさい,くさかった,*
くさかったろう,870,870,10693,接尾辞,形容詞性名詞接尾辞,イ形容詞アウオ段,タ系推量形,くさい,くさかったろう,*
くさかったら,869,869,10693,接尾辞,形容詞性名詞接尾辞,イ形容詞アウオ段,タ系条件形,くさい,くさかったら,*
くさくて,874,874,10693,接尾辞,形容詞性名詞接尾辞,イ形容詞アウオ段,タ系連用テ形,くさい,くさくて,*
くさかったり,871,871,10693,接尾辞,形容詞性名詞接尾辞,イ形容詞アウオ段,タ系連用タリ形,くさい,くさかったり,*
くさくちゃ,872,872,10693,接尾辞,形容詞性名詞接尾辞,イ形容詞アウオ段,タ系連用チャ形,くさい,くさくちゃ,*
くさくっちゃ,873,873,10693,接尾辞,形容詞性名詞接尾辞,イ形容詞アウオ段,タ系連用チャ形２,くさい,くさくっちゃ,*
くさけりゃ,875,875,10693,接尾辞,形容詞性名詞接尾辞,イ形容詞アウオ段,音便条件形,くさい,くさけりゃ,*
くさきゃ,876,876,10693,接尾辞,形容詞性名詞接尾辞,イ形容詞アウオ段,音便条件形２,くさい,くさきゃ,*
くさし,882,882,10693,接尾辞,形容詞性名詞接尾辞,イ形容詞アウオ段,文語基本形,くさい,くさし,*
くさから,883,883,10693,接尾辞,形容詞性名詞接尾辞,イ形容詞アウオ段,文語未然形,くさい,くさから,*
くさう,886,886,10693,接尾辞,形容詞性名詞接尾辞,イ形容詞アウオ段,文語連用形,くさい,くさう,*
くさき,885,885,10693,接尾辞,形容詞性名詞接尾辞,イ形容詞アウオ段,文語連体形,くさい,くさき,*
くさかれ,884,884,10693,接尾辞,形容詞性名詞接尾辞,イ形容詞アウオ段,文語命令形,くさい,くさかれ,*
っぽ,881,881,10870,接尾辞,形容詞性名詞接尾辞,イ形容詞アウオ段,語幹,っぽい,っぽ,*
っぽい,877,877,10870,接尾辞,形容詞性名詞接尾辞,イ形容詞アウオ段,基本形,っぽい,っぽい,*
っぽかれ,887,887,10870,接尾辞,形容詞性名詞接尾辞,イ形容詞アウオ段,命令形,っぽい,っぽかれ,*
っぽかろう,879,879,10870,接尾辞,形容詞性名詞接尾辞,イ形容詞アウオ段,基本推量形,っぽい,っぽかろう,*
っぽければ,878,878,10870,接尾辞,形容詞性名詞接尾辞,イ形容詞アウオ段,基本条件形,っぽい,っぽければ,*
っぽく,880,880,10870,接尾辞,形容詞性名詞接尾辞,イ形容詞アウオ段,基本連用形,っぽい,っぽく,*
っぽかった,868,868,10870,接尾辞,形容詞性名詞接尾辞,イ形容詞アウオ段,タ形,っぽい,っぽかった,*
っぽかったろう,870,870,10870,接尾辞,形容詞性名詞接尾辞,イ形容詞アウオ段,タ系推量形,っぽい,っぽかったろう,*
っぽかったら,869,869,10870,接尾辞,形容詞性名詞接尾辞,イ形容詞アウオ段,タ系条件形,っぽい,っぽかったら,*
っぽくて,874,874,10870,接尾辞,形容詞性名詞接尾辞,イ形容詞アウオ段,タ系連用テ形,っぽい,っぽくて,*
っぽかったり,871,871,10870,接尾辞,形容詞性名詞接尾辞,イ形容詞アウオ段,タ系連用タリ形,っぽい,っぽかったり,*
っぽくちゃ,872,872,10870,接尾辞,形容詞性名詞接尾辞,イ形容詞アウオ段,タ系連用チャ形,っぽい,っぽくちゃ,*
っぽくっちゃ,873,873,10870,接尾辞,形容詞性名詞接尾辞,イ形容詞アウオ段,タ系連用チャ形２,っぽい,っぽくっちゃ,*
っぽけりゃ,875,875,10870,接尾辞,形容詞性名詞接尾辞,イ形容詞アウオ段,音便条件形,っぽい,っぽけりゃ,*
っぽきゃ,876,876,10870,接尾辞,形容詞性名詞接尾辞,イ形容詞アウオ段,音便条件形２,っぽい,っぽきゃ,*
っぽし,882,882,10870,接尾辞,形容詞性名詞接尾辞,イ形容詞アウオ段,文語基本形,っぽい,っぽし,*
っぽから,883,883,10870,接尾辞,形容詞性名詞接尾辞,イ形容詞アウオ段,文語未然形,っぽい,っぽから,*
っぽう,886,886,10870,接尾辞,形容詞性名詞接尾辞,イ形容詞アウオ段,文語連用形,っぽい,っぽう,*
っぽき,885,885,10870,接尾辞,形容詞性名詞接尾辞,イ形容詞アウオ段,文語連体形,っぽい,っぽき,*
っぽかれ,884,884,10870,接尾辞,形容詞性名詞接尾辞,イ形容詞アウオ段,文語命令形,っぽい,っぽかれ,*
的,954,954,8876,接尾辞,形容詞性名詞接尾辞,ナ形容詞,語幹,的だ,てき,*
的だ,953,953,8876,接尾辞,形容詞性名詞接尾辞,ナ形容詞,基本形,的だ,てきだ,*
的なれ,934,934,8876,接尾辞,形容詞性名詞接尾辞,ナ形容詞,ダ列命令形,的だ,てきなれ,*
的な,930,930,8876,接尾辞,形容詞性名詞接尾辞,ナ形容詞,ダ列基本連体形,的だ,てきな,*
的だろう,929,929,8876,接尾辞,形容詞性名詞接尾辞,ナ形容詞,ダ列基本推量形,的だ,てきだろう,*
的ならば,928,928,8876,接尾辞,形容詞性名詞接尾辞,ナ形容詞,ダ列基本条件形,的だ,てきならば,*
的に,931,931,8876,接尾辞,形容詞性名詞接尾辞,ナ形容詞,ダ列基本連用形,的だ,てきに,*
的だった,922,922,8876,接尾辞,形容詞性名詞接尾辞,ナ形容詞,ダ列タ形,的だ,てきだった,*
的だったろう,924,924,8876,接尾辞,形容詞性名詞接尾辞,ナ形容詞,ダ列タ系推量形,的だ,てきだったろう,*
的だったら,923,923,8876,接尾辞,形容詞性名詞接尾辞,ナ形容詞,ダ列タ系条件形,的だ,てきだったら,*
的で,927,927,8876,接尾辞,形容詞性名詞接尾辞,ナ形容詞,ダ列タ系連用テ形,的だ,てきで,*
的だったり,926,926,8876,接尾辞,形容詞性名詞接尾辞,ナ形容詞,ダ列タ系連用タリ形,的だ,てきだったり,*
的じゃ,925,925,8876,接尾辞,形容詞性名詞接尾辞,ナ形容詞,ダ列タ系連用ジャ形,的だ,てきじゃ,*
的なる,933,933,8876,接尾辞,形容詞性名詞接尾辞,ナ形容詞,ダ列文語連体形,的だ,てきなる,*
的なれば,932,932,8876,接尾辞,形容詞性名詞接尾辞,ナ形容詞,ダ列文語条件形,的だ,てきなれば,*
的である,940,940,8876,接尾辞,形容詞性名詞接尾辞,ナ形容詞,デアル列基本形,的だ,てきである,*
的であれ,944,944,8876,接尾辞,形容詞性名詞接尾辞,ナ形容詞,デアル列命令形,的だ,てきであれ,*
的であろう,942,942,8876,接尾辞,形容詞性名詞接尾辞,ナ形容詞,デアル列基本推量形,的だ,てきであろう,*
的であれば,941,941,8876,接尾辞,形容詞性名詞接尾辞,ナ形容詞,デアル列基本条件形,的だ,てきであれば,*
的であり,943,943,8876,接尾辞,形容詞性名詞接尾辞,ナ形容詞,デアル列基本連用形,的だ,てきであり,*
的であった,935,935,8876,接尾辞,形容詞性名詞接尾辞,ナ形容詞,デアル列タ形,的だ,てきであった,*
的であったろう,937,937,8876,接尾辞,形容詞性名詞接尾辞,ナ形容詞,デアル列タ系推量形,的だ,てきであったろう,*
的であったら,936,936,8876,接尾辞,形容詞性名詞接尾辞,ナ形容詞,デアル列タ系条件形,的だ,てきであったら,*
的であって,939,939,8876,接尾辞,形容詞性名詞接尾辞,ナ形容詞,デアル列タ系連用テ形,的だ,てきであって,*
的であったり,938,938,8876,接尾辞,形容詞性名詞接尾辞,ナ形容詞,デアル列タ系連用タリ形,的だ,てきであったり,*
的です,950,950,8876,接尾辞,形容詞性名詞接尾辞,ナ形容詞,デス列基本形,的だ,てきです,*
的でしょう,951,951,8876,接尾辞,形容詞性名詞接尾辞,ナ形容詞,デス列基本推量形,的だ,てきでしょう,*
的でしょ,952,952,8876,接尾辞,形容詞性名詞接尾辞,ナ形容詞,デス列省略推量形,的だ,てきでしょ,*
的でした,945,945,8876,接尾辞,形容詞性名詞接尾辞,ナ形容詞,デス列タ形,的だ,てきでした,*
的でしたろう,947,947,8876,接尾辞,形容詞性名詞接尾辞,ナ形容詞,デス列タ系推量形,的だ,てきでしたろう,*
的でしたら,946,946,8876,接尾辞,形容詞性名詞接尾辞,ナ形容詞,デス列タ系条件形,的だ,てきでしたら,*
的でして,949,949,8876,接尾辞,形容詞性名詞接尾辞,ナ形容詞,デス列タ系連用テ形,的だ,てきでして,*
的でしたり,948,948,8876,接尾辞,形容詞性名詞接尾辞,ナ形容詞,デス列タ系連用タリ形,的だ,てきでしたり,*
がち,921,921,11589,接尾辞,形容詞性名詞接尾辞,ナノ形容詞,語幹,がちだ,がち,*
がちだ,920,920,11589,接尾辞,形容詞性名詞接尾辞,ナノ形容詞,基本形,がちだ,がちだ,*
がちなれ,901,901,11589,接尾辞,形容詞性名詞接尾辞,ナノ形容詞,ダ列命令形,がちだ,がちなれ,*
がちな,896,896,11589,接尾辞,形容詞性名詞接尾辞,ナノ形容詞,ダ列基本連体形,がちだ,がちな,*
がちの,898,898,11589,接尾辞,形容詞性名詞接尾辞,ナノ形容詞,ダ列特殊連体形,がちだ,がちの,*
がちだろう,895,895,11589,接尾辞,形容詞性名詞接尾辞,ナノ形容詞,ダ列基本推量形,がちだ,がちだろう,*
がちならば,894,894,11589,接尾辞,形容詞性名詞接尾辞,ナノ形容詞,ダ列基本条件形,がちだ,がちならば,*
がちに,897,897,11589,接尾辞,形容詞性名詞接尾辞,ナノ形容詞,ダ列基本連用形,がちだ,がちに,*
がちだった,888,888,11589,接尾辞,形容詞性名詞接尾辞,ナノ形容詞,ダ列タ形,がちだ,がちだった,*
がちだったろう,890,890,11589,接尾辞,形容詞性名詞接尾辞,ナノ形容詞,ダ列タ系推量形,がちだ,がちだったろう,*
がちだったら,889,889,11589,接尾辞,形容詞性名詞接尾辞,ナノ形容詞,ダ列タ系条件形,がちだ,がちだったら,*
がちで,893,893,11589,接尾辞,形容詞性名詞接尾辞,ナノ形容詞,ダ列タ系連用テ形,がちだ,がちで,*
がちだったり,892,892,11589,接尾辞,形容詞性名詞接尾辞,ナノ形容詞,ダ列タ系連用タリ形,がちだ,がちだったり,*
がちじゃ,891,891,11589,接尾辞,形容詞性名詞接尾辞,ナノ形容詞,ダ列タ系連用ジャ形,がちだ,がちじゃ,*
がちなる,900,900,11589,接尾辞,形容詞性名詞接尾辞,ナノ形容詞,ダ列文語連体形,がちだ,がちなる,*
がちなれば,899,899,11589,接尾辞,形容詞性名詞接尾辞,ナノ形容詞,ダ列文語条件形,がちだ,がちなれば,*
がちである,907,907,11589,接尾辞,形容詞性名詞接尾辞,ナノ形容詞,デアル列基本形,がちだ,がちである,*
がちであれ,911,911,11589,接尾辞,形容詞性名詞接尾辞,ナノ形容詞,デアル列命令形,がちだ,がちであれ,*
がちであろう,909,909,11589,接尾辞,形容詞性名詞接尾辞,ナノ形容詞,デアル列基本推量形,がちだ,がちであろう,*
がちであれば,908,908,11589,接尾辞,形容詞性名詞接尾辞,ナノ形容詞,デアル列基本条件形,がちだ,がちであれば,*
がちであり,910,910,11589,接尾辞,形容詞性名詞接尾辞,ナノ形容詞,デアル列基本連用形,がちだ,がちであり,*
がちであった,902,902,11589,接尾辞,形容詞性名詞接尾辞,ナノ形容詞,デアル列タ形,がちだ,がちであった,*
がちであったろう,904,904,11589,接尾辞,形容詞性名詞接尾辞,ナノ形容詞,デアル列タ系推量形,がちだ,がちであったろう,*
がちであったら,903,903,11589,接尾辞,形容詞性名詞接尾辞,ナノ形容詞,デアル列タ系条件形,がちだ,がちであったら,*
がちであって,906,906,11589,接尾辞,形容詞性名詞接尾辞,ナノ形容詞,デアル列タ系連用テ形,がちだ,がちであって,*
がちであったり,905,905,11589,接尾辞,形容詞性名詞接尾辞,ナノ形容詞,デアル列タ系連用タリ形,がちだ,がちであったり,*
がちです,917,917,11589,接尾辞,形容詞性名詞接尾辞,ナノ形容詞,デス列基本形,がちだ,がちです,*
がちでしょう,918,918,11589,接尾辞,形容詞性名詞接尾辞,ナノ形容詞,デス列基本推量形,がちだ,がちでしょう,*
がちでしょ,919,919,11589,接尾辞,形容詞性名詞接尾辞,ナノ形容詞,デス列省略推量形,がちだ,がちでしょ,*
がちでした,912,912,11589,接尾辞,形容詞性名詞接尾辞,ナノ形容詞,デス列タ形,がちだ,がちでした,*
がちでしたろう,914,914,11589,接尾辞,形容詞性名詞接尾辞,ナノ形容詞,デス列タ系推量形,がちだ,がちでしたろう,*
がちでしたら,913,913,11589,接尾辞,形容詞性名詞接尾辞,ナノ形容詞,デス列タ系条件形,がちだ,がちでしたら,*
がちでして,916,916,11589,接尾辞,形容詞性名詞接尾辞,ナノ形容詞,デス列タ系連用テ形,がちだ,がちでして,*
がちでしたり,915,915,11589,接尾辞,形容詞性名詞接尾辞,ナノ形容詞,デス列タ系連用タリ形,がちだ,がちでしたり,*
気味,921,921,7717,接尾辞,形容詞性名詞接尾辞,ナノ形容詞,語幹,気味だ,ぎみ,*
気味だ,920,920,7717,接尾辞,形容詞性名詞接尾辞,ナノ形容詞,基本形,気味だ,ぎみだ,*
気味なれ,901,901,7717,接尾辞,形容詞性名詞接尾辞,ナノ形容詞,ダ列命令形,気味だ,ぎみなれ,*
気味な,896,896,7717,接尾辞,形容詞性名詞接尾辞,ナノ形容詞,ダ列基本連体形,気味だ,ぎみな,*
気味の,898,898,7717,接尾辞,形容詞性名詞接尾辞,ナノ形容詞,ダ列特殊連体形,気味だ,ぎみの,*
気味だろう,895,895,7717,接尾辞,形容詞性名詞接尾辞,ナノ形容詞,ダ列基本推量形,気味だ,ぎみだろう,*
気味ならば,894,894,7717,接尾辞,形容詞性名詞接尾辞,ナノ形容詞,ダ列基本条件形,気味だ,ぎみならば,*
気味に,897,897,7717,接尾辞,形容詞性名詞接尾辞,ナノ形容詞,ダ列基本連用形,気味だ,ぎみに,*
気味だった,888,888,7717,接尾辞,形容詞性名詞接尾辞,ナノ形容詞,ダ列タ形,気味だ,ぎみだった,*
気味だったろう,890,890,7717,接尾辞,形容詞性名詞接尾辞,ナノ形容詞,ダ列タ系推量形,気味だ,ぎみだったろう,*
気味だったら,889,889,7717,接尾辞,形容詞性名詞接尾辞,ナノ形容詞,ダ列タ系条件形,気味だ,ぎみだったら,*
気味で,893,893,7717,接尾辞,形容詞性名詞接尾辞,ナノ形容詞,ダ列タ系連用テ形,気味だ,ぎみで,*
気味だったり,892,892,7717,接尾辞,形容詞性名詞接尾辞,ナノ形容詞,ダ列タ系連用タリ形,気味だ,ぎみだったり,*
気味じゃ,891,891,7717,接尾辞,形容詞性名詞接尾辞,ナノ形容詞,ダ列タ系連用ジャ形,気味だ,ぎみじゃ,*
気味なる,900,900,7717,接尾辞,形容詞性名詞接尾辞,ナノ形容詞,ダ列文語連体形,気味だ,ぎみなる,*
気味なれば,899,899,7717,接尾辞,形容詞性名詞接尾辞,ナノ形容詞,ダ列文語条件形,気味だ,ぎみなれば,*
気味である,907,907,7717,接尾辞,形容詞性名詞接尾辞,ナノ形容詞,デアル列基本形,気味だ,ぎみである,*
気味であれ,911,911,7717,接尾辞,形容詞性名詞接尾辞,ナノ形容詞,デアル列命令形,気味だ,ぎみであれ,*
気味であろう,909,909,7717,接尾辞,形容詞性名詞接尾辞,ナノ形容詞,デアル列基本推量形,気味だ,ぎみであろう,*
気味であれば,908,908,7717,接尾辞,形容詞性名詞接尾辞,ナノ形容詞,デアル列基本条件形,気味だ,ぎみであれば,*
気味であり,910,910,7717,接尾辞,形容詞性名詞接尾辞,ナノ形容詞,デアル列基本連用形,気味だ,ぎみであり,*
気味であった,902,902,7717,接尾辞,形容詞性名詞接尾辞,ナノ形容詞,デアル列タ形,気味だ,ぎみであった,*
気味であったろう,904,904,7717,接尾辞,形容詞性名詞接尾辞,ナノ形容詞,デアル列タ系推量形,気味だ,ぎみであったろう,*
気味であったら,903,903,7717,接尾辞,形容詞性名詞接尾辞,ナノ形容詞,デアル列タ系条件形,気味だ,ぎみであったら,*
気味であって,906,906,7717,接尾辞,形容詞性名詞接尾辞,ナノ形容詞,デアル列タ系連用テ形,気味だ,ぎみであって,*
気味であったり,905,905,7717,接尾辞,形容詞性名詞接尾辞,ナノ形容詞,デアル列タ系連用タリ形,気味だ,ぎみであったり,*
気味です,917,917,7717,接尾辞,形容詞性名詞接尾辞,ナノ形容詞,デス列基本形,気味だ,ぎみです,*
気味でしょう,918,918,7717,接尾辞,形容詞性名詞接尾辞,ナノ形容詞,デス列基本推量形,気味だ,ぎみでしょう,*
気味でしょ,919,919,7717,接尾辞,形容詞性名詞接尾辞,ナノ形容詞,デス列省略推量形,気味だ,ぎみでしょ,*
気味でした,912,912,7717,接尾辞,形容詞性名詞接尾辞,ナノ形容詞,デス列タ形,気味だ,ぎみでした,*
気味でしたろう,914,914,7717,接尾辞,形容詞性名詞接尾辞,ナノ形容詞,デス列タ系推量形,気味だ,ぎみでしたろう,*
気味でしたら,913,913,7717,接尾辞,形容詞性名詞接尾辞,ナノ形容詞,デス列タ系条件形,気味だ,ぎみでしたら,*
気味でして,916,916,7717,接尾辞,形容詞性名詞接尾辞,ナノ形容詞,デス列タ系連用テ形,気味だ,ぎみでして,*
気味でしたり,915,915,7717,接尾辞,形容詞性名詞接尾辞,ナノ形容詞,デス列タ系連用タリ形,気味だ,ぎみでしたり,*
ぎみ,921,921,10808,接尾辞,形容詞性名詞接尾辞,ナノ形容詞,語幹,ぎみだ,ぎみ,*
ぎみだ,920,920,10808,接尾辞,形容詞性名詞接尾辞,ナノ形容詞,基本形,ぎみだ,ぎみだ,*
ぎみなれ,901,901,10808,接尾辞,形容詞性名詞接尾辞,ナノ形容詞,ダ列命令形,ぎみだ,ぎみなれ,*
ぎみな,896,896,10808,接尾辞,形容詞性名詞接尾辞,ナノ形容詞,ダ列基本連体形,ぎみだ,ぎみな,*
ぎみの,898,898,10808,接尾辞,形容詞性名詞接尾辞,ナノ形容詞,ダ列特殊連体形,ぎみだ,ぎみの,*
ぎみだろう,895,895,10808,接尾辞,形容詞性名詞接尾辞,ナノ形容詞,ダ列基本推量形,ぎみだ,ぎみだろう,*
ぎみならば,894,894,10808,接尾辞,形容詞性名詞接尾辞,ナノ形容詞,ダ列基本条件形,ぎみだ,ぎみならば,*
ぎみに,897,897,10808,接尾辞,形容詞性名詞接尾辞,ナノ形容詞,ダ列基本連用形,ぎみだ,ぎみに,*
ぎみだった,888,888,10808,接尾辞,形容詞性名詞接尾辞,ナノ形容詞,ダ列タ形,ぎみだ,ぎみだった,*
ぎみだったろう,890,890,10808,接尾辞,形容詞性名詞接尾辞,ナノ形容詞,ダ列タ系推量形,ぎみだ,ぎみだったろう,*
ぎみだったら,889,889,10808,接尾辞,形容詞性名詞接尾辞,ナノ形容詞,ダ列タ系条件形,ぎみだ,ぎみだったら,*
ぎみで,893,893,10808,接尾辞,形容詞性名詞接尾辞,ナノ形容詞,ダ列タ系連用テ形,ぎみだ,ぎみで,*
ぎみだったり,892,892,10808,接尾辞,形容詞性名詞接尾辞,ナノ形容詞,ダ列タ系連用タリ形,ぎみだ,ぎみだったり,*
ぎみじゃ,891,891,10808,接尾辞,形容詞性名詞接尾辞,ナノ形容詞,ダ列タ系連用ジャ形,ぎみだ,ぎみじゃ,*
ぎみなる,900,900,10808,接尾辞,形容詞性名詞接尾辞,ナノ形容詞,ダ列文語連体形,ぎみだ,ぎみなる,*
ぎみなれば,899,899,10808,接尾辞,形容詞性名詞接尾辞,ナノ形容詞,ダ列文語条件形,ぎみだ,ぎみなれば,*
ぎみである,907,907,10808,接尾辞,形容詞性名詞接尾辞,ナノ形容詞,デアル列基本形,ぎみだ,ぎみである,*
ぎみであれ,911,911,10808,接尾辞,形容詞性名詞接尾辞,ナノ形容詞,デアル列命令形,ぎみだ,ぎみであれ,*
ぎみであろう,909,909,10808,接尾辞,形容詞性名詞接尾辞,ナノ形容詞,デアル列基本推量形,ぎみだ,ぎみであろう,*
ぎみであれば,908,908,10808,接尾辞,形容詞性名詞接尾辞,ナノ形容詞,デアル列基本条件形,ぎみだ,ぎみであれば,*
ぎみであり,910,910,10808,接尾辞,形容詞性名詞接尾辞,ナノ形容詞,デアル列基本連用形,ぎみだ,ぎみであり,*
ぎみであった,902,902,10808,接尾辞,形容詞性名詞接尾辞,ナノ形容詞,デアル列タ形,ぎみだ,ぎみであった,*
ぎみであったろう,904,904,10808,接尾辞,形容詞性名詞接尾辞,ナノ形容詞,デアル列タ系推量形,ぎみだ,ぎみであったろう,*
ぎみであったら,903,903,10808,接尾辞,形容詞性名詞接尾辞,ナノ形容詞,デアル列タ系条件形,ぎみだ,ぎみであったら,*
ぎみであって,906,906,10808,接尾辞,形容詞性名詞接尾辞,ナノ形容詞,デアル列タ系連用テ形,ぎみだ,ぎみであって,*
ぎみであったり,905,905,10808,接尾辞,形容詞性名詞接尾辞,ナノ形容詞,デアル列タ系連用タリ形,ぎみだ,ぎみであったり,*
ぎみです,917,917,10808,接尾辞,形容詞性名詞接尾辞,ナノ形容詞,デス列基本形,ぎみだ,ぎみです,*
ぎみでしょう,918,918,10808,接尾辞,形容詞性名詞接尾辞,ナノ形容詞,デス列基本推量形,ぎみだ,ぎみでしょう,*
ぎみでしょ,919,919,10808,接尾辞,形容詞性名詞接尾辞,ナノ形容詞,デス列省略推量形,ぎみだ,ぎみでしょ,*
ぎみでした,912,912,10808,接尾辞,形容詞性名詞接尾辞,ナノ形容詞,デス列タ形,ぎみだ,ぎみでした,*
ぎみでしたろう,914,914,10808,接尾辞,形容詞性名詞接尾辞,ナノ形容詞,デス列タ系推量形,ぎみだ,ぎみでしたろう,*
ぎみでしたら,913,913,10808,接尾辞,形容詞性名詞接尾辞,ナノ形容詞,デス列タ系条件形,ぎみだ,ぎみでしたら,*
ぎみでして,916,916,10808,接尾辞,形容詞性名詞接尾辞,ナノ形容詞,デス列タ系連用テ形,ぎみだ,ぎみでして,*
ぎみでしたり,915,915,10808,接尾辞,形容詞性名詞接尾辞,ナノ形容詞,デス列タ系連用タリ形,ぎみだ,ぎみでしたり,*
やす,794,794,9965,接尾辞,形容詞性述語接尾辞,イ形容詞アウオ段,語幹,やすい,やす,*
やすい,790,790,9965,接尾辞,形容詞性述語接尾辞,イ形容詞アウオ段,基本形,やすい,やすい,*
やすかれ,800,800,9965,接尾辞,形容詞性述語接尾辞,イ形容詞アウオ段,命令形,やすい,やすかれ,*
やすかろう,792,792,9965,接尾辞,形容詞性述語接尾辞,イ形容詞アウオ段,基本推量形,やすい,やすかろう,*
やすければ,791,791,9965,接尾辞,形容詞性述語接尾辞,イ形容詞アウオ段,基本条件形,やすい,やすければ,*
やすく,793,793,9965,接尾辞,形容詞性述語接尾辞,イ形容詞アウオ段,基本連用形,やすい,やすく,*
やすかった,781,781,9965,接尾辞,形容詞性述語接尾辞,イ形容詞アウオ段,タ形,やすい,やすかった,*
やすかったろう,783,783,9965,接尾辞,形容詞性述語接尾辞,イ形容詞アウオ段,タ系推量形,やすい,やすかったろう,*
やすかったら,782,782,9965,接尾辞,形容詞性述語接尾辞,イ形容詞アウオ段,タ系条件形,やすい,やすかったら,*
やすくて,787,787,9965,接尾辞,形容詞性述語接尾辞,イ形容詞アウオ段,タ系連用テ形,やすい,やすくて,*
やすかったり,784,784,9965,接尾辞,形容詞性述語接尾辞,イ形容詞アウオ段,タ系連用タリ形,やすい,やすかったり,*
やすくちゃ,785,785,9965,接尾辞,形容詞性述語接尾辞,イ形容詞アウオ段,タ系連用チャ形,やすい,やすくちゃ,*
やすくっちゃ,786,786,9965,接尾辞,形容詞性述語接尾辞,イ形容詞アウオ段,タ系連用チャ形２,やすい,やすくっちゃ,*
やすけりゃ,788,788,9965,接尾辞,形容詞性述語接尾辞,イ形容詞アウオ段,音便条件形,やすい,やすけりゃ,*
やすきゃ,789,789,9965,接尾辞,形容詞性述語接尾辞,イ形容詞アウオ段,音便条件形２,やすい,やすきゃ,*
やすし,795,795,9965,接尾辞,形容詞性述語接尾辞,イ形容詞アウオ段,文語基本形,やすい,やすし,*
やすから,796,796,9965,接尾辞,形容詞性述語接尾辞,イ形容詞アウオ段,文語未然形,やすい,やすから,*
やすう,799,799,9965,接尾辞,形容詞性述語接尾辞,イ形容詞アウオ段,文語連用形,やすい,やすう,*
やすき,798,798,9965,接尾辞,形容詞性述語接尾辞,イ形容詞アウオ段,文語連体形,やすい,やすき,*
やすかれ,797,797,9965,接尾辞,形容詞性述語接尾辞,イ形容詞アウオ段,文語命令形,やすい,やすかれ,*
よ,794,794,15916,接尾辞,形容詞性述語接尾辞,イ形容詞アウオ段,語幹,よい,よ,*
よい,790,790,15916,接尾辞,形容詞性述語接尾辞,イ形容詞アウオ段,基本形,よい,よい,*
よかれ,800,800,15916,接尾辞,形容詞性述語接尾辞,イ形容詞アウオ段,命令形,よい,よかれ,*
よかろう,792,792,15916,接尾辞,形容詞性述語接尾辞,イ形容詞アウオ段,基本推量形,よい,よかろう,*
よければ,791,791,15916,接尾辞,形容詞性述語接尾辞,イ形容詞アウオ段,基本条件形,よい,よければ,*
よく,793,793,15916,接尾辞,形容詞性述語接尾辞,イ形容詞アウオ段,基本連用形,よい,よく,*
よかった,781,781,15916,接尾辞,形容詞性述語接尾辞,イ形容詞アウオ段,タ形,よい,よかった,*
よかったろう,783,783,15916,接尾辞,形容詞性述語接尾辞,イ形容詞アウオ段,タ系推量形,よい,よかったろう,*
よかったら,782,782,15916,接尾辞,形容詞性述語接尾辞,イ形容詞アウオ段,タ系条件形,よい,よかったら,*
よくて,787,787,15916,接尾辞,形容詞性述語接尾辞,イ形容詞アウオ段,タ系連用テ形,よい,よくて,*
よかったり,784,784,15916,接尾辞,形容詞性述語接尾辞,イ形容詞アウオ段,タ系連用タリ形,よい,よかったり,*
よくちゃ,785,785,15916,接尾辞,形容詞性述語接尾辞,イ形容詞アウオ段,タ系連用チャ形,よい,よくちゃ,*
よくっちゃ,786,786,15916,接尾辞,形容詞性述語接尾辞,イ形容詞アウオ段,タ系連用チャ形２,よい,よくっちゃ,*
よけりゃ,788,788,15916,接尾辞,形容詞性述語接尾辞,イ形容詞アウオ段,音便条件形,よい,よけりゃ,*
よきゃ,789,789,15916,接尾辞,形容詞性述語接尾辞,イ形容詞アウオ段,音便条件形２,よい,よきゃ,*
よし,795,795,15916,接尾辞,形容詞性述語接尾辞,イ形容詞アウオ段,文語基本形,よい,よし,*
よから,796,796,15916,接尾辞,形容詞性述語接尾辞,イ形容詞アウオ段,文語未然形,よい,よから,*
よう,799,799,15916,接尾辞,形容詞性述語接尾辞,イ形容詞アウオ段,文語連用形,よい,よう,*
よき,798,798,15916,接尾辞,形容詞性述語接尾辞,イ形容詞アウオ段,文語連体形,よい,よき,*
よかれ,797,797,15916,接尾辞,形容詞性述語接尾辞,イ形容詞アウオ段,文語命令形,よい,よかれ,*
にく,794,794,9989,接尾辞,形容詞性述語接尾辞,イ形容詞アウオ段,語幹,にくい,にく,*
にくい,790,790,9989,接尾辞,形容詞性述語接尾辞,イ形容詞アウオ段,基本形,にくい,にくい,*
にくかれ,800,800,9989,接尾辞,形容詞性述語接尾辞,イ形容詞アウオ段,命令形,にくい,にくかれ,*
にくかろう,792,792,9989,接尾辞,形容詞性述語接尾辞,イ形容詞アウオ段,基本推量形,にくい,にくかろう,*
にくければ,791,791,9989,接尾辞,形容詞性述語接尾辞,イ形容詞アウオ段,基本条件形,にくい,にくければ,*
にくく,793,793,9989,接尾辞,形容詞性述語接尾辞,イ形容詞アウオ段,基本連用形,にくい,にくく,*
にくかった,781,781,9989,接尾辞,形容詞性述語接尾辞,イ形容詞アウオ段,タ形,にくい,にくかった,*
にくかったろう,783,783,9989,接尾辞,形容詞性述語接尾辞,イ形容詞アウオ段,タ系推量形,にくい,にくかったろう,*
にくかったら,782,782,9989,接尾辞,形容詞性述語接尾辞,イ形容詞アウオ段,タ系条件形,にくい,にくかったら,*
にくくて,787,787,9989,接尾辞,形容詞性述語接尾辞,イ形容詞アウオ段,タ系連用テ形,にくい,にくくて,*
にくかったり,784,784,9989,接尾辞,形容詞性述語接尾辞,イ形容詞アウオ段,タ系連用タリ形,にくい,にくかったり,*
にくくちゃ,785,785,9989,接尾辞,形容詞性述語接尾辞,イ形容詞アウオ段,タ系連用チャ形,にくい,にくくちゃ,*
にくくっちゃ,786,786,9989,接尾辞,形容詞性述語接尾辞,イ形容詞アウオ段,タ系連用チャ形２,にくい,にくくっちゃ,*
にくけりゃ,788,788,9989,接尾辞,形容詞性述語接尾辞,イ形容詞アウオ段,音便条件形,にくい,にくけりゃ,*
にくきゃ,789,789,9989,接尾辞,形容詞性述語接尾辞,イ形容詞アウオ段,音便条件形２,にくい,にくきゃ,*
にくし,795,795,9989,接尾辞,形容詞性述語接尾辞,イ形容詞アウオ段,文語基本形,にくい,にくし,*
にくから,796,796,9989,接尾辞,形容詞性述語接尾辞,イ形容詞アウオ段,文語未然形,にくい,にくから,*
にくう,799,799,9989,接尾辞,形容詞性述語接尾辞,イ形容詞アウオ段,文語連用形,にくい,にくう,*
にくき,798,798,9989,接尾辞,形容詞性述語接尾辞,イ形容詞アウオ段,文語連体形,にくい,にくき,*
にくかれ,797,797,9989,接尾辞,形容詞性述語接尾辞,イ形容詞アウオ段,文語命令形,にくい,にくかれ,*
がた,794,794,10362,接尾辞,形容詞性述語接尾辞,イ形容詞アウオ段,語幹,がたい,がた,*
がたい,790,790,10362,接尾辞,形容詞性述語接尾辞,イ形容詞アウオ段,基本形,がたい,がたい,*
がたかれ,800,800,10362,接尾辞,形容詞性述語接尾辞,イ形容詞アウオ段,命令形,がたい,がたかれ,*
がたかろう,792,792,10362,接尾辞,形容詞性述語接尾辞,イ形容詞アウオ段,基本推量形,がたい,がたかろう,*
がたければ,791,791,10362,接尾辞,形容詞性述語接尾辞,イ形容詞アウオ段,基本条件形,がたい,がたければ,*
がたく,793,793,10362,接尾辞,形容詞性述語接尾辞,イ形容詞アウオ段,基本連用形,がたい,がたく,*
がたかった,781,781,10362,接尾辞,形容詞性述語接尾辞,イ形容詞アウオ段,タ形,がたい,がたかった,*
がたかったろう,783,783,10362,接尾辞,形容詞性述語接尾辞,イ形容詞アウオ段,タ系推量形,がたい,がたかったろう,*
がたかったら,782,782,10362,接尾辞,形容詞性述語接尾辞,イ形容詞アウオ段,タ系条件形,がたい,がたかったら,*
がたくて,787,787,10362,接尾辞,形容詞性述語接尾辞,イ形容詞アウオ段,タ系連用テ形,がたい,がたくて,*
がたかったり,784,784,10362,接尾辞,形容詞性述語接尾辞,イ形容詞アウオ段,タ系連用タリ形,がたい,がたかったり,*
がたくちゃ,785,785,10362,接尾辞,形容詞性述語接尾辞,イ形容詞アウオ段,タ系連用チャ形,がたい,がたくちゃ,*
がたくっちゃ,786,786,10362,接尾辞,形容詞性述語接尾辞,イ形容詞アウオ段,タ系連用チャ形２,がたい,がたくっちゃ,*
がたけりゃ,788,788,10362,接尾辞,形容詞性述語接尾辞,イ形容詞アウオ段,音便条件形,がたい,がたけりゃ,*
がたきゃ,789,789,10362,接尾辞,形容詞性述語接尾辞,イ形容詞アウオ段,音便条件形２,がたい,がたきゃ,*
がたし,795,795,10362,接尾辞,形容詞性述語接尾辞,イ形容詞アウオ段,文語基本形,がたい,がたし,*
がたから,796,796,10362,接尾辞,形容詞性述語接尾辞,イ形容詞アウオ段,文語未然形,がたい,がたから,*
がたう,799,799,10362,接尾辞,形容詞性述語接尾辞,イ形容詞アウオ段,文語連用形,がたい,がたう,*
がたき,798,798,10362,接尾辞,形容詞性述語接尾辞,イ形容詞アウオ段,文語連体形,がたい,がたき,*
がたかれ,797,797,10362,接尾辞,形容詞性述語接尾辞,イ形容詞アウオ段,文語命令形,がたい,がたかれ,*
難,794,794,9937,接尾辞,形容詞性述語接尾辞,イ形容詞アウオ段,語幹,難い,がた,*
難い,790,790,9937,接尾辞,形容詞性述語接尾辞,イ形容詞アウオ段,基本形,難い,がたい,*
難かれ,800,800,9937,接尾辞,形容詞性述語接尾辞,イ形容詞アウオ段,命令形,難い,がたかれ,*
難かろう,792,792,9937,接尾辞,形容詞性述語接尾辞,イ形容詞アウオ段,基本推量形,難い,がたかろう,*
難ければ,791,791,9937,接尾辞,形容詞性述語接尾辞,イ形容詞アウオ段,基本条件形,難い,がたければ,*
難く,793,793,9937,接尾辞,形容詞性述語接尾辞,イ形容詞アウオ段,基本連用形,難い,がたく,*
難かった,781,781,9937,接尾辞,形容詞性述語接尾辞,イ形容詞アウオ段,タ形,難い,がたかった,*
難かったろう,783,783,9937,接尾辞,形容詞性述語接尾辞,イ形容詞アウオ段,タ系推量形,難い,がたかったろう,*
難かったら,782,782,9937,接尾辞,形容詞性述語接尾辞,イ形容詞アウオ段,タ系条件形,難い,がたかったら,*
難くて,787,787,9937,接尾辞,形容詞性述語接尾辞,イ形容詞アウオ段,タ系連用テ形,難い,がたくて,*
難かったり,784,784,9937,接尾辞,形容詞性述語接尾辞,イ形容詞アウオ段,タ系連用タリ形,難い,がたかったり,*
難くちゃ,785,785,9937,接尾辞,形容詞性述語接尾辞,イ形容詞アウオ段,タ系連用チャ形,難い,がたくちゃ,*
難くっちゃ,786,786,9937,接尾辞,形容詞性述語接尾辞,イ形容詞アウオ段,タ系連用チャ形２,難い,がたくっちゃ,*
難けりゃ,788,788,9937,接尾辞,形容詞性述語接尾辞,イ形容詞アウオ段,音便条件形,難い,がたけりゃ,*
難きゃ,789,789,9937,接尾辞,形容詞性述語接尾辞,イ形容詞アウオ段,音便条件形２,難い,がたきゃ,*
難し,795,795,9937,接尾辞,形容詞性述語接尾辞,イ形容詞アウオ段,文語基本形,難い,がたし,*
難から,796,796,9937,接尾辞,形容詞性述語接尾辞,イ形容詞アウオ段,文語未然形,難い,がたから,*
難う,799,799,9937,接尾辞,形容詞性述語接尾辞,イ形容詞アウオ段,文語連用形,難い,がたう,*
難き,798,798,9937,接尾辞,形容詞性述語接尾辞,イ形容詞アウオ段,文語連体形,難い,がたき,*
難かれ,797,797,9937,接尾辞,形容詞性述語接尾辞,イ形容詞アウオ段,文語命令形,難い,がたかれ,*
づら,794,794,10243,接尾辞,形容詞性述語接尾辞,イ形容詞アウオ段,語幹,づらい,づら,*
づらい,790,790,10243,接尾辞,形容詞性述語接尾辞,イ形容詞アウオ段,基本形,づらい,づらい,*
づらかれ,800,800,10243,接尾辞,形容詞性述語接尾辞,イ形容詞アウオ段,命令形,づらい,づらかれ,*
づらかろう,792,792,10243,接尾辞,形容詞性述語接尾辞,イ形容詞アウオ段,基本推量形,づらい,づらかろう,*
づらければ,791,791,10243,接尾辞,形容詞性述語接尾辞,イ形容詞アウオ段,基本条件形,づらい,づらければ,*
づらく,793,793,10243,接尾辞,形容詞性述語接尾辞,イ形容詞アウオ段,基本連用形,づらい,づらく,*
づらかった,781,781,10243,接尾辞,形容詞性述語接尾辞,イ形容詞アウオ段,タ形,づらい,づらかった,*
づらかったろう,783,783,10243,接尾辞,形容詞性述語接尾辞,イ形容詞アウオ段,タ系推量形,づらい,づらかったろう,*
づらかったら,782,782,10243,接尾辞,形容詞性述語接尾辞,イ形容詞アウオ段,タ系条件形,づらい,づらかったら,*
づらくて,787,787,10243,接尾辞,形容詞性述語接尾辞,イ形容詞アウオ段,タ系連用テ形,づらい,づらくて,*
づらかったり,784,784,10243,接尾辞,形容詞性述語接尾辞,イ形容詞アウオ段,タ系連用タリ形,づらい,づらかったり,*
づらくちゃ,785,785,10243,接尾辞,形容詞性述語接尾辞,イ形容詞アウオ段,タ系連用チャ形,づらい,づらくちゃ,*
づらくっちゃ,786,786,10243,接尾辞,形容詞性述語接尾辞,イ形容詞アウオ段,タ系連用チャ形２,づらい,づらくっちゃ,*
づらけりゃ,788,788,10243,接尾辞,形容詞性述語接尾辞,イ形容詞アウオ段,音便条件形,づらい,づらけりゃ,*
づらきゃ,789,789,10243,接尾辞,形容詞性述語接尾辞,イ形容詞アウオ段,音便条件形２,づらい,づらきゃ,*
づらし,795,795,10243,接尾辞,形容詞性述語接尾辞,イ形容詞アウオ段,文語基本形,づらい,づらし,*
づらから,796,796,10243,接尾辞,形容詞性述語接尾辞,イ形容詞アウオ段,文語未然形,づらい,づらから,*
づらう,799,799,10243,接尾辞,形容詞性述語接尾辞,イ形容詞アウオ段,文語連用形,づらい,づらう,*
づらき,798,798,10243,接尾辞,形容詞性述語接尾辞,イ形容詞アウオ段,文語連体形,づらい,づらき,*
づらかれ,797,797,10243,接尾辞,形容詞性述語接尾辞,イ形容詞アウオ段,文語命令形,づらい,づらかれ,*
がち,834,834,9432,接尾辞,形容詞性述語接尾辞,ナノ形容詞,語幹,がちだ,がち,*
がちだ,833,833,9432,接尾辞,形容詞性述語接尾辞,ナノ形容詞,基本形,がちだ,がちだ,*
がちなれ,814,814,9432,接尾辞,形容詞性述語接尾辞,ナノ形容詞,ダ列命令形,がちだ,がちなれ,*
がちな,809,809,9432,接尾辞,形容詞性述語接尾辞,ナノ形容詞,ダ列基本連体形,がちだ,がちな,*
がちの,811,811,9432,接尾辞,形容詞性述語接尾辞,ナノ形容詞,ダ列特殊連体形,がちだ,がちの,*
がちだろう,808,808,9432,接尾辞,形容詞性述語接尾辞,ナノ形容詞,ダ列基本推量形,がちだ,がちだろう,*
がちならば,807,807,9432,接尾辞,形容詞性述語接尾辞,ナノ形容詞,ダ列基本条件形,がちだ,がちならば,*
がちに,810,810,9432,接尾辞,形容詞性述語接尾辞,ナノ形容詞,ダ列基本連用形,がちだ,がちに,*
がちだった,801,801,9432,接尾辞,形容詞性述語接尾辞,ナノ形容詞,ダ列タ形,がちだ,がちだった,*
がちだったろう,803,803,9432,接尾辞,形容詞性述語接尾辞,ナノ形容詞,ダ列タ系推量形,がちだ,がちだったろう,*
がちだったら,802,802,9432,接尾辞,形容詞性述語接尾辞,ナノ形容詞,ダ列タ系条件形,がちだ,がちだったら,*
がちで,806,806,9432,接尾辞,形容詞性述語接尾辞,ナノ形容詞,ダ列タ系連用テ形,がちだ,がちで,*
がちだったり,805,805,9432,接尾辞,形容詞性述語接尾辞,ナノ形容詞,ダ列タ系連用タリ形,がちだ,がちだったり,*
がちじゃ,804,804,9432,接尾辞,形容詞性述語接尾辞,ナノ形容詞,ダ列タ系連用ジャ形,がちだ,がちじゃ,*
がちなる,813,813,9432,接尾辞,形容詞性述語接尾辞,ナノ形容詞,ダ列文語連体形,がちだ,がちなる,*
がちなれば,812,812,9432,接尾辞,形容詞性述語接尾辞,ナノ形容詞,ダ列文語条件形,がちだ,がちなれば,*
がちである,820,820,9432,接尾辞,形容詞性述語接尾辞,ナノ形容詞,デアル列基本形,がちだ,がちである,*
がちであれ,824,824,9432,接尾辞,形容詞性述語接尾辞,ナノ形容詞,デアル列命令形,がちだ,がちであれ,*
がちであろう,822,822,9432,接尾辞,形容詞性述語接尾辞,ナノ形容詞,デアル列基本推量形,がちだ,がちであろう,*
がちであれば,821,821,9432,接尾辞,形容詞性述語接尾辞,ナノ形容詞,デアル列基本条件形,がちだ,がちであれば,*
がちであり,823,823,9432,接尾辞,形容詞性述語接尾辞,ナノ形容詞,デアル列基本連用形,がちだ,がちであり,*
がちであった,815,815,9432,接尾辞,形容詞性述語接尾辞,ナノ形容詞,デアル列タ形,がちだ,がちであった,*
がちであったろう,817,817,9432,接尾辞,形容詞性述語接尾辞,ナノ形容詞,デアル列タ系推量形,がちだ,がちであったろう,*
がちであったら,816,816,9432,接尾辞,形容詞性述語接尾辞,ナノ形容詞,デアル列タ系条件形,がちだ,がちであったら,*
がちであって,819,819,9432,接尾辞,形容詞性述語接尾辞,ナノ形容詞,デアル列タ系連用テ形,がちだ,がちであって,*
がちであったり,818,818,9432,接尾辞,形容詞性述語接尾辞,ナノ形容詞,デアル列タ系連用タリ形,がちだ,がちであったり,*
がちです,830,830,9432,接尾辞,形容詞性述語接尾辞,ナノ形容詞,デス列基本形,がちだ,がちです,*
がちでしょう,831,831,9432,接尾辞,形容詞性述語接尾辞,ナノ形容詞,デス列基本推量形,がちだ,がちでしょう,*
がちでしょ,832,832,9432,接尾辞,形容詞性述語接尾辞,ナノ形容詞,デス列省略推量形,がちだ,がちでしょ,*
がちでした,825,825,9432,接尾辞,形容詞性述語接尾辞,ナノ形容詞,デス列タ形,がちだ,がちでした,*
がちでしたろう,827,827,9432,接尾辞,形容詞性述語接尾辞,ナノ形容詞,デス列タ系推量形,がちだ,がちでしたろう,*
がちでしたら,826,826,9432,接尾辞,形容詞性述語接尾辞,ナノ形容詞,デス列タ系条件形,がちだ,がちでしたら,*
がちでして,829,829,9432,接尾辞,形容詞性述語接尾辞,ナノ形容詞,デス列タ系連用テ形,がちだ,がちでして,*
がちでしたり,828,828,9432,接尾辞,形容詞性述語接尾辞,ナノ形容詞,デス列タ系連用タリ形,がちだ,がちでしたり,*
そう,867,867,8118,接尾辞,形容詞性述語接尾辞,ナ形容詞,語幹,そうだ,そう,*
そうだ,866,866,8118,接尾辞,形容詞性述語接尾辞,ナ形容詞,基本形,そうだ,そうだ,*
そうなれ,847,847,8118,接尾辞,形容詞性述語接尾辞,ナ形容詞,ダ列命令形,そうだ,そうなれ,*
そうな,843,843,8118,接尾辞,形容詞性述語接尾辞,ナ形容詞,ダ列基本連体形,そうだ,そうな,*
そうだろう,842,842,8118,接尾辞,形容詞性述語接尾辞,ナ形容詞,ダ列基本推量形,そうだ,そうだろう,*
そうならば,841,841,8118,接尾辞,形容詞性述語接尾辞,ナ形容詞,ダ列基本条件形,そうだ,そうならば,*
そうに,844,844,8118,接尾辞,形容詞性述語接尾辞,ナ形容詞,ダ列基本連用形,そうだ,そうに,*
そうだった,835,835,8118,接尾辞,形容詞性述語接尾辞,ナ形容詞,ダ列タ形,そうだ,そうだった,*
そうだったろう,837,837,8118,接尾辞,形容詞性述語接尾辞,ナ形容詞,ダ列タ系推量形,そうだ,そうだったろう,*
そうだったら,836,836,8118,接尾辞,形容詞性述語接尾辞,ナ形容詞,ダ列タ系条件形,そうだ,そうだったら,*
そうで,840,840,8118,接尾辞,形容詞性述語接尾辞,ナ形容詞,ダ列タ系連用テ形,そうだ,そうで,*
そうだったり,839,839,8118,接尾辞,形容詞性述語接尾辞,ナ形容詞,ダ列タ系連用タリ形,そうだ,そうだったり,*
そうじゃ,838,838,8118,接尾辞,形容詞性述語接尾辞,ナ形容詞,ダ列タ系連用ジャ形,そうだ,そうじゃ,*
そうなる,846,846,8118,接尾辞,形容詞性述語接尾辞,ナ形容詞,ダ列文語連体形,そうだ,そうなる,*
そうなれば,845,845,8118,接尾辞,形容詞性述語接尾辞,ナ形容詞,ダ列文語条件形,そうだ,そうなれば,*
そうである,853,853,8118,接尾辞,形容詞性述語接尾辞,ナ形容詞,デアル列基本形,そうだ,そうである,*
そうであれ,857,857,8118,接尾辞,形容詞性述語接尾辞,ナ形容詞,デアル列命令形,そうだ,そうであれ,*
そうであろう,855,855,8118,接尾辞,形容詞性述語接尾辞,ナ形容詞,デアル列基本推量形,そうだ,そうであろう,*
そうであれば,854,854,8118,接尾辞,形容詞性述語接尾辞,ナ形容詞,デアル列基本条件形,そうだ,そうであれば,*
そうであり,856,856,8118,接尾辞,形容詞性述語接尾辞,ナ形容詞,デアル列基本連用形,そうだ,そうであり,*
そうであった,848,848,8118,接尾辞,形容詞性述語接尾辞,ナ形容詞,デアル列タ形,そうだ,そうであった,*
そうであったろう,850,850,8118,接尾辞,形容詞性述語接尾辞,ナ形容詞,デアル列タ系推量形,そうだ,そうであったろう,*
そうであったら,849,849,8118,接尾辞,形容詞性述語接尾辞,ナ形容詞,デアル列タ系条件形,そうだ,そうであったら,*
そうであって,852,852,8118,接尾辞,形容詞性述語接尾辞,ナ形容詞,デアル列タ系連用テ形,そうだ,そうであって,*
そうであったり,851,851,8118,接尾辞,形容詞性述語接尾辞,ナ形容詞,デアル列タ系連用タリ形,そうだ,そうであったり,*
そうです,863,863,8118,接尾辞,形容詞性述語接尾辞,ナ形容詞,デス列基本形,そうだ,そうです,*
そうでしょう,864,864,8118,接尾辞,形容詞性述語接尾辞,ナ形容詞,デス列基本推量形,そうだ,そうでしょう,*
そうでしょ,865,865,8118,接尾辞,形容詞性述語接尾辞,ナ形容詞,デス列省略推量形,そうだ,そうでしょ,*
そうでした,858,858,8118,接尾辞,形容詞性述語接尾辞,ナ形容詞,デス列タ形,そうだ,そうでした,*
そうでしたろう,860,860,8118,接尾辞,形容詞性述語接尾辞,ナ形容詞,デス列タ系推量形,そうだ,そうでしたろう,*
そうでしたら,859,859,8118,接尾辞,形容詞性述語接尾辞,ナ形容詞,デス列タ系条件形,そうだ,そうでしたら,*
そうでして,862,862,8118,接尾辞,形容詞性述語接尾辞,ナ形容詞,デス列タ系連用テ形,そうだ,そうでして,*
そうでしたり,861,861,8118,接尾辞,形容詞性述語接尾辞,ナ形容詞,デス列タ系連用タリ形,そうだ,そうでしたり,*
め,834,834,8917,接尾辞,形容詞性述語接尾辞,ナノ形容詞,語幹,めだ,め,*
めだ,833,833,8917,接尾辞,形容詞性述語接尾辞,ナノ形容詞,基本形,めだ,めだ,*
めなれ,814,814,8917,接尾辞,形容詞性述語接尾辞,ナノ形容詞,ダ列命令形,めだ,めなれ,*
めな,809,809,8917,接尾辞,形容詞性述語接尾辞,ナノ形容詞,ダ列基本連体形,めだ,めな,*
めの,811,811,8917,接尾辞,形容詞性述語接尾辞,ナノ形容詞,ダ列特殊連体形,めだ,めの,*
めだろう,808,808,8917,接尾辞,形容詞性述語接尾辞,ナノ形容詞,ダ列基本推量形,めだ,めだろう,*
めならば,807,807,8917,接尾辞,形容詞性述語接尾辞,ナノ形容詞,ダ列基本条件形,めだ,めならば,*
めに,810,810,8917,接尾辞,形容詞性述語接尾辞,ナノ形容詞,ダ列基本連用形,めだ,めに,*
めだった,801,801,8917,接尾辞,形容詞性述語接尾辞,ナノ形容詞,ダ列タ形,めだ,めだった,*
めだったろう,803,803,8917,接尾辞,形容詞性述語接尾辞,ナノ形容詞,ダ列タ系推量形,めだ,めだったろう,*
めだったら,802,802,8917,接尾辞,形容詞性述語接尾辞,ナノ形容詞,ダ列タ系条件形,めだ,めだったら,*
めで,806,806,8917,接尾辞,形容詞性述語接尾辞,ナノ形容詞,ダ列タ系連用テ形,めだ,めで,*
めだったり,805,805,8917,接尾辞,形容詞性述語接尾辞,ナノ形容詞,ダ列タ系連用タリ形,めだ,めだったり,*
めじゃ,804,804,8917,接尾辞,形容詞性述語接尾辞,ナノ形容詞,ダ列タ系連用ジャ形,めだ,めじゃ,*
めなる,813,813,8917,接尾辞,形容詞性述語接尾辞,ナノ形容詞,ダ列文語連体形,めだ,めなる,*
めなれば,812,812,8917,接尾辞,形容詞性述語接尾辞,ナノ形容詞,ダ列文語条件形,めだ,めなれば,*
めである,820,820,8917,接尾辞,形容詞性述語接尾辞,ナノ形容詞,デアル列基本形,めだ,めである,*
めであれ,824,824,8917,接尾辞,形容詞性述語接尾辞,ナノ形容詞,デアル列命令形,めだ,めであれ,*
めであろう,822,822,8917,接尾辞,形容詞性述語接尾辞,ナノ形容詞,デアル列基本推量形,めだ,めであろう,*
めであれば,821,821,8917,接尾辞,形容詞性述語接尾辞,ナノ形容詞,デアル列基本条件形,めだ,めであれば,*
めであり,823,823,8917,接尾辞,形容詞性述語接尾辞,ナノ形容詞,デアル列基本連用形,めだ,めであり,*
めであった,815,815,8917,接尾辞,形容詞性述語接尾辞,ナノ形容詞,デアル列タ形,めだ,めであった,*
めであったろう,817,817,8917,接尾辞,形容詞性述語接尾辞,ナノ形容詞,デアル列タ系推量形,めだ,めであったろう,*
めであったら,816,816,8917,接尾辞,形容詞性述語接尾辞,ナノ形容詞,デアル列タ系条件形,めだ,めであったら,*
めであって,819,819,8917,接尾辞,形容詞性述語接尾辞,ナノ形容詞,デアル列タ系連用テ形,めだ,めであって,*
めであったり,818,818,8917,接尾辞,形容詞性述語接尾辞,ナノ形容詞,デアル列タ系連用タリ形,めだ,めであったり,*
めです,830,830,8917,接尾辞,形容詞性述語接尾辞,ナノ形容詞,デス列基本形,めだ,めです,*
めでしょう,831,831,8917,接尾辞,形容詞性述語接尾辞,ナノ形容詞,デス列基本推量形,めだ,めでしょう,*
めでしょ,832,832,8917,接尾辞,形容詞性述語接尾辞,ナノ形容詞,デス列省略推量形,めだ,めでしょ,*
めでした,825,825,8917,接尾辞,形容詞性述語接尾辞,ナノ形容詞,デス列タ形,めだ,めでした,*
めでしたろう,827,827,8917,接尾辞,形容詞性述語接尾辞,ナノ形容詞,デス列タ系推量形,めだ,めでしたろう,*
めでしたら,826,826,8917,接尾辞,形容詞性述語接尾辞,ナノ形容詞,デス列タ系条件形,めだ,めでしたら,*
めでして,829,829,8917,接尾辞,形容詞性述語接尾辞,ナノ形容詞,デス列タ系連用テ形,めだ,めでして,*
めでしたり,828,828,8917,接尾辞,形容詞性述語接尾辞,ナノ形容詞,デス列タ系連用タリ形,めだ,めでしたり,*
しめ,1130,1130,12552,接尾辞,動詞性接尾辞,母音動詞,語幹,しめる,しめ,*
しめる,1127,1127,12552,接尾辞,動詞性接尾辞,母音動詞,基本形,しめる,しめる,*
しめ,1132,1132,12552,接尾辞,動詞性接尾辞,母音動詞,未然形,しめる,しめ,*
しめよう,1125,1125,12552,接尾辞,動詞性接尾辞,母音動詞,意志形,しめる,しめよう,*
しめろ,1133,1133,12552,接尾辞,動詞性接尾辞,母音動詞,命令形,しめる,しめろ,*
しめれば,1128,1128,12552,接尾辞,動詞性接尾辞,母音動詞,基本条件形,しめる,しめれば,*
しめ,1129,1129,12552,接尾辞,動詞性接尾辞,母音動詞,基本連用形,しめる,しめ,*
しめた,1119,1119,12552,接尾辞,動詞性接尾辞,母音動詞,タ形,しめる,しめた,*
しめたろう,1121,1121,12552,接尾辞,動詞性接尾辞,母音動詞,タ系推量形,しめる,しめたろう,*
しめたら,1120,1120,12552,接尾辞,動詞性接尾辞,母音動詞,タ系条件形,しめる,しめたら,*
しめて,1124,1124,12552,接尾辞,動詞性接尾辞,母音動詞,タ系連用テ形,しめる,しめて,*
しめたり,1122,1122,12552,接尾辞,動詞性接尾辞,母音動詞,タ系連用タリ形,しめる,しめたり,*
しめちゃ,1123,1123,12552,接尾辞,動詞性接尾辞,母音動詞,タ系連用チャ形,しめる,しめちゃ,*
しめりゃ,1126,1126,12552,接尾辞,動詞性接尾辞,母音動詞,音便条件形,しめる,しめりゃ,*
しめよ,1131,1131,12552,接尾辞,動詞性接尾辞,母音動詞,文語命令形,しめる,しめよ,*
せ,1130,1130,11241,接尾辞,動詞性接尾辞,母音動詞,語幹,せる,せ,*
せる,1127,1127,11241,接尾辞,動詞性接尾辞,母音動詞,基本形,せる,せる,*
せ,1132,1132,11241,接尾辞,動詞性接尾辞,母音動詞,未然形,せる,せ,*
せよう,1125,1125,11241,接尾辞,動詞性接尾辞,母音動詞,意志形,せる,せよう,*
せろ,1133,1133,11241,接尾辞,動詞性接尾辞,母音動詞,命令形,せる,せろ,*
せれば,1128,1128,11241,接尾辞,動詞性接尾辞,母音動詞,基本条件形,せる,せれば,*
せ,1129,1129,11241,接尾辞,動詞性接尾辞,母音動詞,基本連用形,せる,せ,*
せた,1119,1119,11241,接尾辞,動詞性接尾辞,母音動詞,タ形,せる,せた,*
せたろう,1121,1121,11241,接尾辞,動詞性接尾辞,母音動詞,タ系推量形,せる,せたろう,*
せたら,1120,1120,11241,接尾辞,動詞性接尾辞,母音動詞,タ系条件形,せる,せたら,*
せて,1124,1124,11241,接尾辞,動詞性接尾辞,母音動詞,タ系連用テ形,せる,せて,*
せたり,1122,1122,11241,接尾辞,動詞性接尾辞,母音動詞,タ系連用タリ形,せる,せたり,*
せちゃ,1123,1123,11241,接尾辞,動詞性接尾辞,母音動詞,タ系連用チャ形,せる,せちゃ,*
せりゃ,1126,1126,11241,接尾辞,動詞性接尾辞,母音動詞,音便条件形,せる,せりゃ,*
せよ,1131,1131,11241,接尾辞,動詞性接尾辞,母音動詞,文語命令形,せる,せよ,*
させ,1130,1130,12180,接尾辞,動詞性接尾辞,母音動詞,語幹,させる,させ,*
させる,1127,1127,12180,接尾辞,動詞性接尾辞,母音動詞,基本形,させる,させる,*
させ,1132,1132,12180,接尾辞,動詞性接尾辞,母音動詞,未然形,させる,させ,*
させよう,1125,1125,12180,接尾辞,動詞性接尾辞,母音動詞,意志形,させる,させよう,*
させろ,1133,1133,12180,接尾辞,動詞性接尾辞,母音動詞,命令形,させる,させろ,*
させれば,1128,1128,12180,接尾辞,動詞性接尾辞,母音動詞,基本条件形,させる,させれば,*
させ,1129,1129,12180,接尾辞,動詞性接尾辞,母音動詞,基本連用形,させる,させ,*
させた,1119,1119,12180,接尾辞,動詞性接尾辞,母音動詞,タ形,させる,させた,*
させたろう,1121,1121,12180,接尾辞,動詞性接尾辞,母音動詞,タ系推量形,させる,させたろう,*
させたら,1120,1120,12180,接尾辞,動詞性接尾辞,母音動詞,タ系条件形,させる,させたら,*
させて,1124,1124,12180,接尾辞,動詞性接尾辞,母音動詞,タ系連用テ形,させる,させて,*
させたり,1122,1122,12180,接尾辞,動詞性接尾辞,母音動詞,タ系連用タリ形,させる,させたり,*
させちゃ,1123,1123,12180,接尾辞,動詞性接尾辞,母音動詞,タ系連用チャ形,させる,させちゃ,*
させりゃ,1126,1126,12180,接尾辞,動詞性接尾辞,母音動詞,音便条件形,させる,させりゃ,*
させよ,1131,1131,12180,接尾辞,動詞性接尾辞,母音動詞,文語命令形,させる,させよ,*
す,1033,1033,12871,接尾辞,動詞性接尾辞,子音動詞サ行,基本形,す,す,*
さ,1037,1037,12871,接尾辞,動詞性接尾辞,子音動詞サ行,未然形,す,さ,*
そう,1031,1031,12871,接尾辞,動詞性接尾辞,子音動詞サ行,意志形,す,そう,*
せ,1038,1038,12871,接尾辞,動詞性接尾辞,子音動詞サ行,命令形,す,せ,*
せば,1034,1034,12871,接尾辞,動詞性接尾辞,子音動詞サ行,基本条件形,す,せば,*
し,1035,1035,12871,接尾辞,動詞性接尾辞,子音動詞サ行,基本連用形,す,し,*
した,1025,1025,12871,接尾辞,動詞性接尾辞,子音動詞サ行,タ形,す,した,*
したろう,1027,1027,12871,接尾辞,動詞性接尾辞,子音動詞サ行,タ系推量形,す,したろう,*
したら,1026,1026,12871,接尾辞,動詞性接尾辞,子音動詞サ行,タ系条件形,す,したら,*
して,1030,1030,12871,接尾辞,動詞性接尾辞,子音動詞サ行,タ系連用テ形,す,して,*
したり,1028,1028,12871,接尾辞,動詞性接尾辞,子音動詞サ行,タ系連用タリ形,す,したり,*
しちゃ,1029,1029,12871,接尾辞,動詞性接尾辞,子音動詞サ行,タ系連用チャ形,す,しちゃ,*
しゃ,1032,1032,12871,接尾辞,動詞性接尾辞,子音動詞サ行,音便条件形,す,しゃ,*
さ,1036,1036,13277,接尾辞,動詞性接尾辞,子音動詞サ行,語幹,さす,さ,*
さす,1033,1033,13277,接尾辞,動詞性接尾辞,子音動詞サ行,基本形,さす,さす,*
ささ,1037,1037,13277,接尾辞,動詞性接尾辞,子音動詞サ行,未然形,さす,ささ,*
さそう,1031,1031,13277,接尾辞,動詞性接尾辞,子音動詞サ行,意志形,さす,さそう,*
させ,1038,1038,13277,接尾辞,動詞性接尾辞,子音動詞サ行,命令形,さす,させ,*
させば,1034,1034,13277,接尾辞,動詞性接尾辞,子音動詞サ行,基本条件形,さす,させば,*
さし,1035,1035,13277,接尾辞,動詞性接尾辞,子音動詞サ行,基本連用形,さす,さし,*
さした,1025,1025,13277,接尾辞,動詞性接尾辞,子音動詞サ行,タ形,さす,さした,*
さしたろう,1027,1027,13277,接尾辞,動詞性接尾辞,子音動詞サ行,タ系推量形,さす,さしたろう,*
さしたら,1026,1026,13277,接尾辞,動詞性接尾辞,子音動詞サ行,タ系条件形,さす,さしたら,*
さして,1030,1030,13277,接尾辞,動詞性接尾辞,子音動詞サ行,タ系連用テ形,さす,さして,*
さしたり,1028,1028,13277,接尾辞,動詞性接尾辞,子音動詞サ行,タ系連用タリ形,さす,さしたり,*
さしちゃ,1029,1029,13277,接尾辞,動詞性接尾辞,子音動詞サ行,タ系連用チャ形,さす,さしちゃ,*
さしゃ,1032,1032,13277,接尾辞,動詞性接尾辞,子音動詞サ行,音便条件形,さす,さしゃ,*
いけ,1130,1130,13578,接尾辞,動詞性接尾辞,母音動詞,語幹,いける,いけ,*
いける,1127,1127,13578,接尾辞,動詞性接尾辞,母音動詞,基本形,いける,いける,*
いけ,1132,1132,13578,接尾辞,動詞性接尾辞,母音動詞,未然形,いける,いけ,*
いけよう,1125,1125,13578,接尾辞,動詞性接尾辞,母音動詞,意志形,いける,いけよう,*
いけろ,1133,1133,13578,接尾辞,動詞性接尾辞,母音動詞,命令形,いける,いけろ,*
いければ,1128,1128,13578,接尾辞,動詞性接尾辞,母音動詞,基本条件形,いける,いければ,*
いけ,1129,1129,13578,接尾辞,動詞性接尾辞,母音動詞,基本連用形,いける,いけ,*
いけた,1119,1119,13578,接尾辞,動詞性接尾辞,母音動詞,タ形,いける,いけた,*
いけたろう,1121,1121,13578,接尾辞,動詞性接尾辞,母音動詞,タ系推量形,いける,いけたろう,*
いけたら,1120,1120,13578,接尾辞,動詞性接尾辞,母音動詞,タ系条件形,いける,いけたら,*
いけて,1124,1124,13578,接尾辞,動詞性接尾辞,母音動詞,タ系連用テ形,いける,いけて,*
いけたり,1122,1122,13578,接尾辞,動詞性接尾辞,母音動詞,タ系連用タリ形,いける,いけたり,*
いけちゃ,1123,1123,13578,接尾辞,動詞性接尾辞,母音動詞,タ系連用チャ形,いける,いけちゃ,*
いけりゃ,1126,1126,13578,接尾辞,動詞性接尾辞,母音動詞,音便条件形,いける,いけりゃ,*
いけよ,1131,1131,13578,接尾辞,動詞性接尾辞,母音動詞,文語命令形,いける,いけよ,*
居,1064,1064,10768,接尾辞,動詞性接尾辞,子音動詞ラ行,語幹,居る,お,*
居る,1061,1061,10768,接尾辞,動詞性接尾辞,子音動詞ラ行,基本形,居る,おる,*
居ら,1065,1065,10768,接尾辞,動詞性接尾辞,子音動詞ラ行,未然形,居る,おら,*
居ろう,1059,1059,10768,接尾辞,動詞性接尾辞,子音動詞ラ行,意志形,居る,おろう,*
居れ,1066,1066,10768,接尾辞,動詞性接尾辞,子音動詞ラ行,命令形,居る,おれ,*
居れば,1062,1062,10768,接尾辞,動詞性接尾辞,子音動詞ラ行,基本条件形,居る,おれば,*
居り,1063,1063,10768,接尾辞,動詞性接尾辞,子音動詞ラ行,基本連用形,居る,おり,*
居った,1053,1053,10768,接尾辞,動詞性接尾辞,子音動詞ラ行,タ形,居る,おった,*
居ったろう,1055,1055,10768,接尾辞,動詞性接尾辞,子音動詞ラ行,タ系推量形,居る,おったろう,*
居ったら,1054,1054,10768,接尾辞,動詞性接尾辞,子音動詞ラ行,タ系条件形,居る,おったら,*
居って,1058,1058,10768,接尾辞,動詞性接尾辞,子音動詞ラ行,タ系連用テ形,居る,おって,*
居ったり,1056,1056,10768,接尾辞,動詞性接尾辞,子音動詞ラ行,タ系連用タリ形,居る,おったり,*
居っちゃ,1057,1057,10768,接尾辞,動詞性接尾辞,子音動詞ラ行,タ系連用チャ形,居る,おっちゃ,*
居りゃ,1060,1060,10768,接尾辞,動詞性接尾辞,子音動詞ラ行,音便条件形,居る,おりゃ,*
来る,976,976,12508,接尾辞,動詞性接尾辞,カ変動詞来,基本形,来る,くる,*
来,979,979,12508,接尾辞,動詞性接尾辞,カ変動詞来,未然形,来る,こ,*
来よう,974,974,12508,接尾辞,動詞性接尾辞,カ変動詞来,意志形,来る,こよう,*
来い,980,980,12508,接尾辞,動詞性接尾辞,カ変動詞来,命令形,来る,こい,*
来れば,977,977,12508,接尾辞,動詞性接尾辞,カ変動詞来,基本条件形,来る,くれば,*
来,978,978,12508,接尾辞,動詞性接尾辞,カ変動詞来,基本連用形,来る,き,*
来た,968,968,12508,接尾辞,動詞性接尾辞,カ変動詞来,タ形,来る,きた,*
来たろう,970,970,12508,接尾辞,動詞性接尾辞,カ変動詞来,タ系推量形,来る,きたろう,*
来たら,969,969,12508,接尾辞,動詞性接尾辞,カ変動詞来,タ系条件形,来る,きたら,*
来て,973,973,12508,接尾辞,動詞性接尾辞,カ変動詞来,タ系連用テ形,来る,きて,*
来たり,971,971,12508,接尾辞,動詞性接尾辞,カ変動詞来,タ系連用タリ形,来る,きたり,*
来ちゃ,972,972,12508,接尾辞,動詞性接尾辞,カ変動詞来,タ系連用チャ形,来る,きちゃ,*
来りゃ,975,975,12508,接尾辞,動詞性接尾辞,カ変動詞来,音便条件形,来る,くりゃ,*
しまえ,1130,1130,12866,接尾辞,動詞性接尾辞,母音動詞,語幹,しまえる,しまえ,*
しまえる,1127,1127,12866,接尾辞,動詞性接尾辞,母音動詞,基本形,しまえる,しまえる,*
しまえ,1132,1132,12866,接尾辞,動詞性接尾辞,母音動詞,未然形,しまえる,しまえ,*
しまえよう,1125,1125,12866,接尾辞,動詞性接尾辞,母音動詞,意志形,しまえる,しまえよう,*
しまえろ,1133,1133,12866,接尾辞,動詞性接尾辞,母音動詞,命令形,しまえる,しまえろ,*
しまえれば,1128,1128,12866,接尾辞,動詞性接尾辞,母音動詞,基本条件形,しまえる,しまえれば,*
しまえ,1129,1129,12866,接尾辞,動詞性接尾辞,母音動詞,基本連用形,しまえる,しまえ,*
しまえた,1119,1119,12866,接尾辞,動詞性接尾辞,母音動詞,タ形,しまえる,しまえた,*
しまえたろう,1121,1121,12866,接尾辞,動詞性接尾辞,母音動詞,タ系推量形,しまえる,しまえたろう,*
しまえたら,1120,1120,12866,接尾辞,動詞性接尾辞,母音動詞,タ系条件形,しまえる,しまえたら,*
しまえて,1124,1124,12866,接尾辞,動詞性接尾辞,母音動詞,タ系連用テ形,しまえる,しまえて,*
しまえたり,1122,1122,12866,接尾辞,動詞性接尾辞,母音動詞,タ系連用タリ形,しまえる,しまえたり,*
しまえちゃ,1123,1123,12866,接尾辞,動詞性接尾辞,母音動詞,タ系連用チャ形,しまえる,しまえちゃ,*
しまえりゃ,1126,1126,12866,接尾辞,動詞性接尾辞,母音動詞,音便条件形,しまえる,しまえりゃ,*
しまえよ,1131,1131,12866,接尾辞,動詞性接尾辞,母音動詞,文語命令形,しまえる,しまえよ,*
もらえ,1130,1130,20439,接尾辞,動詞性接尾辞,母音動詞,語幹,もらえる,もらえ,*
もらえる,1127,1127,20439,接尾辞,動詞性接尾辞,母音動詞,基本形,もらえる,もらえる,*
もらえ,1132,1132,20439,接尾辞,動詞性接尾辞,母音動詞,未然形,もらえる,もらえ,*
もらえよう,1125,1125,20439,接尾辞,動詞性接尾辞,母音動詞,意志形,もらえる,もらえよう,*
もらえろ,1133,1133,20439,接尾辞,動詞性接尾辞,母音動詞,命令形,もらえる,もらえろ,*
もらえれば,1128,1128,20439,接尾辞,動詞性接尾辞,母音動詞,基本条件形,もらえる,もらえれば,*
もらえ,1129,1129,20439,接尾辞,動詞性接尾辞,母音動詞,基本連用形,もらえる,もらえ,*
もらえた,1119,1119,20439,接尾辞,動詞性接尾辞,母音動詞,タ形,もらえる,もらえた,*
もらえたろう,1121,1121,20439,接尾辞,動詞性接尾辞,母音動詞,タ系推量形,もらえる,もらえたろう,*
もらえたら,1120,1120,20439,接尾辞,動詞性接尾辞,母音動詞,タ系条件形,もらえる,もらえたら,*
もらえて,1124,1124,20439,接尾辞,動詞性接尾辞,母音動詞,タ系連用テ形,もらえる,もらえて,*
もらえたり,1122,1122,20439,接尾辞,動詞性接尾辞,母音動詞,タ系連用タリ形,もらえる,もらえたり,*
もらえちゃ,1123,1123,20439,接尾辞,動詞性接尾辞,母音動詞,タ系連用チャ形,もらえる,もらえちゃ,*
もらえりゃ,1126,1126,20439,接尾辞,動詞性接尾辞,母音動詞,音便条件形,もらえる,もらえりゃ,*
もらえよ,1131,1131,20439,接尾辞,動詞性接尾辞,母音動詞,文語命令形,もらえる,もらえよ,*
下さ,1078,1078,10603,接尾辞,動詞性接尾辞,子音動詞ラ行イ形,語幹,下さる,くださ,*
下さる,1075,1075,10603,接尾辞,動詞性接尾辞,子音動詞ラ行イ形,基本形,下さる,くださる,*
下さら,1079,1079,10603,接尾辞,動詞性接尾辞,子音動詞ラ行イ形,未然形,下さる,くださら,*
下さろう,1073,1073,10603,接尾辞,動詞性接尾辞,子音動詞ラ行イ形,意志形,下さる,くださろう,*
下さい,1080,1080,10603,接尾辞,動詞性接尾辞,子音動詞ラ行イ形,命令形,下さる,ください,*
下されば,1076,1076,10603,接尾辞,動詞性接尾辞,子音動詞ラ行イ形,基本条件形,下さる,くだされば,*
下さり,1077,1077,10603,接尾辞,動詞性接尾辞,子音動詞ラ行イ形,基本連用形,下さる,くださり,*
下さった,1067,1067,10603,接尾辞,動詞性接尾辞,子音動詞ラ行イ形,タ形,下さる,くださった,*
下さったろう,1069,1069,10603,接尾辞,動詞性接尾辞,子音動詞ラ行イ形,タ系推量形,下さる,くださったろう,*
下さったら,1068,1068,10603,接尾辞,動詞性接尾辞,子音動詞ラ行イ形,タ系条件形,下さる,くださったら,*
下さって,1072,1072,10603,接尾辞,動詞性接尾辞,子音動詞ラ行イ形,タ系連用テ形,下さる,くださって,*
下さったり,1070,1070,10603,接尾辞,動詞性接尾辞,子音動詞ラ行イ形,タ系連用タリ形,下さる,くださったり,*
下さっちゃ,1071,1071,10603,接尾辞,動詞性接尾辞,子音動詞ラ行イ形,タ系連用チャ形,下さる,くださっちゃ,*
下さりゃ,1074,1074,10603,接尾辞,動詞性接尾辞,子音動詞ラ行イ形,音便条件形,下さる,くださりゃ,*
くださ,1078,1078,12278,接尾辞,動詞性接尾辞,子音動詞ラ行イ形,語幹,くださる,くださ,*
くださる,1075,1075,12278,接尾辞,動詞性接尾辞,子音動詞ラ行イ形,基本形,くださる,くださる,*
くださら,1079,1079,12278,接尾辞,動詞性接尾辞,子音動詞ラ行イ形,未然形,くださる,くださら,*
くださろう,1073,1073,12278,接尾辞,動詞性接尾辞,子音動詞ラ行イ形,意志形,くださる,くださろう,*
ください,1080,1080,12278,接尾辞,動詞性接尾辞,子音動詞ラ行イ形,命令形,くださる,ください,*
くだされば,1076,1076,12278,接尾辞,動詞性接尾辞,子音動詞ラ行イ形,基本条件形,くださる,くだされば,*
くださり,1077,1077,12278,接尾辞,動詞性接尾辞,子音動詞ラ行イ形,基本連用形,くださる,くださり,*
くださった,1067,1067,12278,接尾辞,動詞性接尾辞,子音動詞ラ行イ形,タ形,くださる,くださった,*
くださったろう,1069,1069,12278,接尾辞,動詞性接尾辞,子音動詞ラ行イ形,タ系推量形,くださる,くださったろう,*
くださったら,1068,1068,12278,接尾辞,動詞性接尾辞,子音動詞ラ行イ形,タ系条件形,くださる,くださったら,*
くださって,1072,1072,12278,接尾辞,動詞性接尾辞,子音動詞ラ行イ形,タ系連用テ形,くださる,くださって,*
くださったり,1070,1070,12278,接尾辞,動詞性接尾辞,子音動詞ラ行イ形,タ系連用タリ形,くださる,くださったり,*
くださっちゃ,1071,1071,12278,接尾辞,動詞性接尾辞,子音動詞ラ行イ形,タ系連用チャ形,くださる,くださっちゃ,*
くださりゃ,1074,1074,12278,接尾辞,動詞性接尾辞,子音動詞ラ行イ形,音便条件形,くださる,くださりゃ,*
なさ,1078,1078,12003,接尾辞,動詞性接尾辞,子音動詞ラ行イ形,語幹,なさる,なさ,*
なさる,1075,1075,12003,接尾辞,動詞性接尾辞,子音動詞ラ行イ形,基本形,なさる,なさる,*
なさら,1079,1079,12003,接尾辞,動詞性接尾辞,子音動詞ラ行イ形,未然形,なさる,なさら,*
なさろう,1073,1073,12003,接尾辞,動詞性接尾辞,子音動詞ラ行イ形,意志形,なさる,なさろう,*
なさい,1080,1080,12003,接尾辞,動詞性接尾辞,子音動詞ラ行イ形,命令形,なさる,なさい,*
なされば,1076,1076,12003,接尾辞,動詞性接尾辞,子音動詞ラ行イ形,基本条件形,なさる,なされば,*
なさり,1077,1077,12003,接尾辞,動詞性接尾辞,子音動詞ラ行イ形,基本連用形,なさる,なさり,*
なさった,1067,1067,12003,接尾辞,動詞性接尾辞,子音動詞ラ行イ形,タ形,なさる,なさった,*
なさったろう,1069,1069,12003,接尾辞,動詞性接尾辞,子音動詞ラ行イ形,タ系推量形,なさる,なさったろう,*
なさったら,1068,1068,12003,接尾辞,動詞性接尾辞,子音動詞ラ行イ形,タ系条件形,なさる,なさったら,*
なさって,1072,1072,12003,接尾辞,動詞性接尾辞,子音動詞ラ行イ形,タ系連用テ形,なさる,なさって,*
なさったり,1070,1070,12003,接尾辞,動詞性接尾辞,子音動詞ラ行イ形,タ系連用タリ形,なさる,なさったり,*
なさっちゃ,1071,1071,12003,接尾辞,動詞性接尾辞,子音動詞ラ行イ形,タ系連用チャ形,なさる,なさっちゃ,*
なさりゃ,1074,1074,12003,接尾辞,動詞性接尾辞,子音動詞ラ行イ形,音便条件形,なさる,なさりゃ,*
る,1127,1127,17259,接尾辞,動詞性接尾辞,母音動詞,基本形,る,る,*
よう,1125,1125,17259,接尾辞,動詞性接尾辞,母音動詞,意志形,る,よう,*
ろ,1133,1133,17259,接尾辞,動詞性接尾辞,母音動詞,命令形,る,ろ,*
れば,1128,1128,17259,接尾辞,動詞性接尾辞,母音動詞,基本条件形,る,れば,*
た,1119,1119,17259,接尾辞,動詞性接尾辞,母音動詞,タ形,る,た,*
たろう,1121,1121,17259,接尾辞,動詞性接尾辞,母音動詞,タ系推量形,る,たろう,*
たら,1120,1120,17259,接尾辞,動詞性接尾辞,母音動詞,タ系条件形,る,たら,*
て,1124,1124,17259,接尾辞,動詞性接尾辞,母音動詞,タ系連用テ形,る,て,*
たり,1122,1122,17259,接尾辞,動詞性接尾辞,母音動詞,タ系連用タリ形,る,たり,*
ちゃ,1123,1123,17259,接尾辞,動詞性接尾辞,母音動詞,タ系連用チャ形,る,ちゃ,*
りゃ,1126,1126,17259,接尾辞,動詞性接尾辞,母音動詞,音便条件形,る,りゃ,*
よ,1131,1131,17259,接尾辞,動詞性接尾辞,母音動詞,文語命令形,る,よ,*
う,1089,1089,12850,接尾辞,動詞性接尾辞,子音動詞ワ行,基本形,う,う,*
わ,1093,1093,12850,接尾辞,動詞性接尾辞,子音動詞ワ行,未然形,う,わ,*
おう,1087,1087,12850,接尾辞,動詞性接尾辞,子音動詞ワ行,意志形,う,おう,*
え,1094,1094,12850,接尾辞,動詞性接尾辞,子音動詞ワ行,命令形,う,え,*
えば,1090,1090,12850,接尾辞,動詞性接尾辞,子音動詞ワ行,基本条件形,う,えば,*
い,1091,1091,12850,接尾辞,動詞性接尾辞,子音動詞ワ行,基本連用形,う,い,*
った,1081,1081,12850,接尾辞,動詞性接尾辞,子音動詞ワ行,タ形,う,った,*
ったろう,1083,1083,12850,接尾辞,動詞性接尾辞,子音動詞ワ行,タ系推量形,う,ったろう,*
ったら,1082,1082,12850,接尾辞,動詞性接尾辞,子音動詞ワ行,タ系条件形,う,ったら,*
って,1086,1086,12850,接尾辞,動詞性接尾辞,子音動詞ワ行,タ系連用テ形,う,って,*
ったり,1084,1084,12850,接尾辞,動詞性接尾辞,子音動詞ワ行,タ系連用タリ形,う,ったり,*
っちゃ,1085,1085,12850,接尾辞,動詞性接尾辞,子音動詞ワ行,タ系連用チャ形,う,っちゃ,*
ちゃ,1088,1088,12850,接尾辞,動詞性接尾辞,子音動詞ワ行,音便条件形,う,ちゃ,*
ます,1108,1108,10226,接尾辞,動詞性接尾辞,動詞性接尾辞ます型,基本形,ます,ます,*
ませ,1110,1110,10226,接尾辞,動詞性接尾辞,動詞性接尾辞ます型,未然形,ます,ませ,*
ましょう,1107,1107,10226,接尾辞,動詞性接尾辞,動詞性接尾辞ます型,意志形,ます,ましょう,*
ました,1103,1103,10226,接尾辞,動詞性接尾辞,動詞性接尾辞ます型,タ形,ます,ました,*
ましたら,1104,1104,10226,接尾辞,動詞性接尾辞,動詞性接尾辞ます型,タ系条件形,ます,ましたら,*
まして,1106,1106,10226,接尾辞,動詞性接尾辞,動詞性接尾辞ます型,タ系連用テ形,ます,まして,*
ましたり,1105,1105,10226,接尾辞,動詞性接尾辞,動詞性接尾辞ます型,タ系連用タリ形,ます,ましたり,*
うる,1100,1100,12452,接尾辞,動詞性接尾辞,動詞性接尾辞うる型,基本形,うる,うる,*
え,1102,1102,12452,接尾辞,動詞性接尾辞,動詞性接尾辞うる型,未然形,うる,え,*
うれば,1101,1101,12452,接尾辞,動詞性接尾辞,動詞性接尾辞うる型,基本条件形,うる,うれば,*
えた,1095,1095,12452,接尾辞,動詞性接尾辞,動詞性接尾辞うる型,タ形,うる,えた,*
えたろう,1097,1097,12452,接尾辞,動詞性接尾辞,動詞性接尾辞うる型,タ系推量形,うる,えたろう,*
えたら,1096,1096,12452,接尾辞,動詞性接尾辞,動詞性接尾辞うる型,タ系条件形,うる,えたら,*
えて,1099,1099,12452,接尾辞,動詞性接尾辞,動詞性接尾辞うる型,タ系連用テ形,うる,えて,*
えたり,1098,1098,12452,接尾辞,動詞性接尾辞,動詞性接尾辞うる型,タ系連用タリ形,うる,えたり,*
得る,1116,1116,11085,接尾辞,動詞性接尾辞,動詞性接尾辞得る型,基本形,得る,うる,*
得,1118,1118,11085,接尾辞,動詞性接尾辞,動詞性接尾辞得る型,未然形,得る,え,*
得れば,1117,1117,11085,接尾辞,動詞性接尾辞,動詞性接尾辞得る型,基本条件形,得る,うれば,*
得た,1111,1111,11085,接尾辞,動詞性接尾辞,動詞性接尾辞得る型,タ形,得る,えた,*
得たろう,1113,1113,11085,接尾辞,動詞性接尾辞,動詞性接尾辞得る型,タ系推量形,得る,えたろう,*
得たら,1112,1112,11085,接尾辞,動詞性接尾辞,動詞性接尾辞得る型,タ系条件形,得る,えたら,*
得て,1115,1115,11085,接尾辞,動詞性接尾辞,動詞性接尾辞得る型,タ系連用テ形,得る,えて,*
得たり,1114,1114,11085,接尾辞,動詞性接尾辞,動詞性接尾辞得る型,タ系連用タリ形,得る,えたり,*
ござい,1109,1109,11856,接尾辞,動詞性接尾辞,動詞性接尾辞ます型,語幹,ございます,ござい,*
ございます,1108,1108,11856,接尾辞,動詞性接尾辞,動詞性接尾辞ます型,基本形,ございます,ございます,*
ございませ,1110,1110,11856,接尾辞,動詞性接尾辞,動詞性接尾辞ます型,未然形,ございます,ございませ,*
ございましょう,1107,1107,11856,接尾辞,動詞性接尾辞,動詞性接尾辞ます型,意志形,ございます,ございましょう,*
ございました,1103,1103,11856,接尾辞,動詞性接尾辞,動詞性接尾辞ます型,タ形,ございます,ございました,*
ございましたら,1104,1104,11856,接尾辞,動詞性接尾辞,動詞性接尾辞ます型,タ系条件形,ございます,ございましたら,*
ございまして,1106,1106,11856,接尾辞,動詞性接尾辞,動詞性接尾辞ます型,タ系連用テ形,ございます,ございまして,*
ございましたり,1105,1105,11856,接尾辞,動詞性接尾辞,動詞性接尾辞ます型,タ系連用タリ形,ございます,ございましたり,*
御座い,1109,1109,10721,接尾辞,動詞性接尾辞,動詞性接尾辞ます型,語幹,御座います,ござい,*
御座います,1108,1108,10721,接尾辞,動詞性接尾辞,動詞性接尾辞ます型,基本形,御座います,ございます,*
御座いませ,1110,1110,10721,接尾辞,動詞性接尾辞,動詞性接尾辞ます型,未然形,御座います,ございませ,*
御座いましょう,1107,1107,10721,接尾辞,動詞性接尾辞,動詞性接尾辞ます型,意志形,御座います,ございましょう,*
御座いました,1103,1103,10721,接尾辞,動詞性接尾辞,動詞性接尾辞ます型,タ形,御座います,ございました,*
御座いましたら,1104,1104,10721,接尾辞,動詞性接尾辞,動詞性接尾辞ます型,タ系条件形,御座います,ございましたら,*
御座いまして,1106,1106,10721,接尾辞,動詞性接尾辞,動詞性接尾辞ます型,タ系連用テ形,御座います,ございまして,*
御座いましたり,1105,1105,10721,接尾辞,動詞性接尾辞,動詞性接尾辞ます型,タ系連用タリ形,御座います,ございましたり,*
ぞんじ,1109,1109,12367,接尾辞,動詞性接尾辞,動詞性接尾辞ます型,語幹,ぞんじます,ぞんじ,*
ぞんじます,1108,1108,12367,接尾辞,動詞性接尾辞,動詞性接尾辞ます型,基本形,ぞんじます,ぞんじます,*
ぞんじませ,1110,1110,12367,接尾辞,動詞性接尾辞,動詞性接尾辞ます型,未然形,ぞんじます,ぞんじませ,*
ぞんじましょう,1107,1107,12367,接尾辞,動詞性接尾辞,動詞性接尾辞ます型,意志形,ぞんじます,ぞんじましょう,*
ぞんじました,1103,1103,12367,接尾辞,動詞性接尾辞,動詞性接尾辞ます型,タ形,ぞんじます,ぞんじました,*
ぞんじましたら,1104,1104,12367,接尾辞,動詞性接尾辞,動詞性接尾辞ます型,タ系条件形,ぞんじます,ぞんじましたら,*
ぞんじまして,1106,1106,12367,接尾辞,動詞性接尾辞,動詞性接尾辞ます型,タ系連用テ形,ぞんじます,ぞんじまして,*
ぞんじましたり,1105,1105,12367,接尾辞,動詞性接尾辞,動詞性接尾辞ます型,タ系連用タリ形,ぞんじます,ぞんじましたり,*
存じ,1109,1109,11159,接尾辞,動詞性接尾辞,動詞性接尾辞ます型,語幹,存じます,ぞんじ,*
存じます,1108,1108,11159,接尾辞,動詞性接尾辞,動詞性接尾辞ます型,基本形,存じます,ぞんじます,*
存じませ,1110,1110,11159,接尾辞,動詞性接尾辞,動詞性接尾辞ます型,未然形,存じます,ぞんじませ,*
存じましょう,1107,1107,11159,接尾辞,動詞性接尾辞,動詞性接尾辞ます型,意志形,存じます,ぞんじましょう,*
存じました,1103,1103,11159,接尾辞,動詞性接尾辞,動詞性接尾辞ます型,タ形,存じます,ぞんじました,*
存じましたら,1104,1104,11159,接尾辞,動詞性接尾辞,動詞性接尾辞ます型,タ系条件形,存じます,ぞんじましたら,*
存じまして,1106,1106,11159,接尾辞,動詞性接尾辞,動詞性接尾辞ます型,タ系連用テ形,存じます,ぞんじまして,*
存じましたり,1105,1105,11159,接尾辞,動詞性接尾辞,動詞性接尾辞ます型,タ系連用タリ形,存じます,ぞんじましたり,*
過ぎ,1130,1130,9903,接尾辞,動詞性接尾辞,母音動詞,語幹,過ぎる,すぎ,*
過ぎる,1127,1127,9903,接尾辞,動詞性接尾辞,母音動詞,基本形,過ぎる,すぎる,*
過ぎ,1132,1132,9903,接尾辞,動詞性接尾辞,母音動詞,未然形,過ぎる,すぎ,*
過ぎよう,1125,1125,9903,接尾辞,動詞性接尾辞,母音動詞,意志形,過ぎる,すぎよう,*
過ぎろ,1133,1133,9903,接尾辞,動詞性接尾辞,母音動詞,命令形,過ぎる,すぎろ,*
過ぎれば,1128,1128,9903,接尾辞,動詞性接尾辞,母音動詞,基本条件形,過ぎる,すぎれば,*
過ぎ,1129,1129,9903,接尾辞,動詞性接尾辞,母音動詞,基本連用形,過ぎる,すぎ,*
過ぎた,1119,1119,9903,接尾辞,動詞性接尾辞,母音動詞,タ形,過ぎる,すぎた,*
過ぎたろう,1121,1121,9903,接尾辞,動詞性接尾辞,母音動詞,タ系推量形,過ぎる,すぎたろう,*
過ぎたら,1120,1120,9903,接尾辞,動詞性接尾辞,母音動詞,タ系条件形,過ぎる,すぎたら,*
過ぎて,1124,1124,9903,接尾辞,動詞性接尾辞,母音動詞,タ系連用テ形,過ぎる,すぎて,*
過ぎたり,1122,1122,9903,接尾辞,動詞性接尾辞,母音動詞,タ系連用タリ形,過ぎる,すぎたり,*
過ぎちゃ,1123,1123,9903,接尾辞,動詞性接尾辞,母音動詞,タ系連用チャ形,過ぎる,すぎちゃ,*
過ぎりゃ,1126,1126,9903,接尾辞,動詞性接尾辞,母音動詞,音便条件形,過ぎる,すぎりゃ,*
過ぎよ,1131,1131,9903,接尾辞,動詞性接尾辞,母音動詞,文語命令形,過ぎる,すぎよ,*
すぎ,1130,1130,10982,接尾辞,動詞性接尾辞,母音動詞,語幹,すぎる,すぎ,*
すぎる,1127,1127,10982,接尾辞,動詞性接尾辞,母音動詞,基本形,すぎる,すぎる,*
すぎ,1132,1132,10982,接尾辞,動詞性接尾辞,母音動詞,未然形,すぎる,すぎ,*
すぎよう,1125,1125,10982,接尾辞,動詞性接尾辞,母音動詞,意志形,すぎる,すぎよう,*
すぎろ,1133,1133,10982,接尾辞,動詞性接尾辞,母音動詞,命令形,すぎる,すぎろ,*
すぎれば,1128,1128,10982,接尾辞,動詞性接尾辞,母音動詞,基本条件形,すぎる,すぎれば,*
すぎ,1129,1129,10982,接尾辞,動詞性接尾辞,母音動詞,基本連用形,すぎる,すぎ,*
すぎた,1119,1119,10982,接尾辞,動詞性接尾辞,母音動詞,タ形,すぎる,すぎた,*
すぎたろう,1121,1121,10982,接尾辞,動詞性接尾辞,母音動詞,タ系推量形,すぎる,すぎたろう,*
すぎたら,1120,1120,10982,接尾辞,動詞性接尾辞,母音動詞,タ系条件形,すぎる,すぎたら,*
すぎて,1124,1124,10982,接尾辞,動詞性接尾辞,母音動詞,タ系連用テ形,すぎる,すぎて,*
すぎたり,1122,1122,10982,接尾辞,動詞性接尾辞,母音動詞,タ系連用タリ形,すぎる,すぎたり,*
すぎちゃ,1123,1123,10982,接尾辞,動詞性接尾辞,母音動詞,タ系連用チャ形,すぎる,すぎちゃ,*
すぎりゃ,1126,1126,10982,接尾辞,動詞性接尾辞,母音動詞,音便条件形,すぎる,すぎりゃ,*
すぎよ,1131,1131,10982,接尾辞,動詞性接尾辞,母音動詞,文語命令形,すぎる,すぎよ,*
が,1064,1064,12255,接尾辞,動詞性接尾辞,子音動詞ラ行,語幹,がる,が,*
がる,1061,1061,12255,接尾辞,動詞性接尾辞,子音動詞ラ行,基本形,がる,がる,*
がら,1065,1065,12255,接尾辞,動詞性接尾辞,子音動詞ラ行,未然形,がる,がら,*
がろう,1059,1059,12255,接尾辞,動詞性接尾辞,子音動詞ラ行,意志形,がる,がろう,*
がれ,1066,1066,12255,接尾辞,動詞性接尾辞,子音動詞ラ行,命令形,がる,がれ,*
がれば,1062,1062,12255,接尾辞,動詞性接尾辞,子音動詞ラ行,基本条件形,がる,がれば,*
がり,1063,1063,12255,接尾辞,動詞性接尾辞,子音動詞ラ行,基本連用形,がる,がり,*
がった,1053,1053,12255,接尾辞,動詞性接尾辞,子音動詞ラ行,タ形,がる,がった,*
がったろう,1055,1055,12255,接尾辞,動詞性接尾辞,子音動詞ラ行,タ系推量形,がる,がったろう,*
がったら,1054,1054,12255,接尾辞,動詞性接尾辞,子音動詞ラ行,タ系条件形,がる,がったら,*
がって,1058,1058,12255,接尾辞,動詞性接尾辞,子音動詞ラ行,タ系連用テ形,がる,がって,*
がったり,1056,1056,12255,接尾辞,動詞性接尾辞,子音動詞ラ行,タ系連用タリ形,がる,がったり,*
がっちゃ,1057,1057,12255,接尾辞,動詞性接尾辞,子音動詞ラ行,タ系連用チャ形,がる,がっちゃ,*
がりゃ,1060,1060,12255,接尾辞,動詞性接尾辞,子音動詞ラ行,音便条件形,がる,がりゃ,*
かか,1064,1064,13836,接尾辞,動詞性接尾辞,子音動詞ラ行,語幹,かかる,かか,*
かかる,1061,1061,13836,接尾辞,動詞性接尾辞,子音動詞ラ行,基本形,かかる,かかる,*
かから,1065,1065,13836,接尾辞,動詞性接尾辞,子音動詞ラ行,未然形,かかる,かから,*
かかろう,1059,1059,13836,接尾辞,動詞性接尾辞,子音動詞ラ行,意志形,かかる,かかろう,*
かかれ,1066,1066,13836,接尾辞,動詞性接尾辞,子音動詞ラ行,命令形,かかる,かかれ,*
かかれば,1062,1062,13836,接尾辞,動詞性接尾辞,子音動詞ラ行,基本条件形,かかる,かかれば,*
かかり,1063,1063,13836,接尾辞,動詞性接尾辞,子音動詞ラ行,基本連用形,かかる,かかり,*
かかった,1053,1053,13836,接尾辞,動詞性接尾辞,子音動詞ラ行,タ形,かかる,かかった,*
かかったろう,1055,1055,13836,接尾辞,動詞性接尾辞,子音動詞ラ行,タ系推量形,かかる,かかったろう,*
かかったら,1054,1054,13836,接尾辞,動詞性接尾辞,子音動詞ラ行,タ系条件形,かかる,かかったら,*
かかって,1058,1058,13836,接尾辞,動詞性接尾辞,子音動詞ラ行,タ系連用テ形,かかる,かかって,*
かかったり,1056,1056,13836,接尾辞,動詞性接尾辞,子音動詞ラ行,タ系連用タリ形,かかる,かかったり,*
かかっちゃ,1057,1057,13836,接尾辞,動詞性接尾辞,子音動詞ラ行,タ系連用チャ形,かかる,かかっちゃ,*
かかりゃ,1060,1060,13836,接尾辞,動詞性接尾辞,子音動詞ラ行,音便条件形,かかる,かかりゃ,*
かけ,1130,1130,12428,接尾辞,動詞性接尾辞,母音動詞,語幹,かける,かけ,*
かける,1127,1127,12428,接尾辞,動詞性接尾辞,母音動詞,基本形,かける,かける,*
かけ,1132,1132,12428,接尾辞,動詞性接尾辞,母音動詞,未然形,かける,かけ,*
かけよう,1125,1125,12428,接尾辞,動詞性接尾辞,母音動詞,意志形,かける,かけよう,*
かけろ,1133,1133,12428,接尾辞,動詞性接尾辞,母音動詞,命令形,かける,かけろ,*
かければ,1128,1128,12428,接尾辞,動詞性接尾辞,母音動詞,基本条件形,かける,かければ,*
かけ,1129,1129,12428,接尾辞,動詞性接尾辞,母音動詞,基本連用形,かける,かけ,*
かけた,1119,1119,12428,接尾辞,動詞性接尾辞,母音動詞,タ形,かける,かけた,*
かけたろう,1121,1121,12428,接尾辞,動詞性接尾辞,母音動詞,タ系推量形,かける,かけたろう,*
かけたら,1120,1120,12428,接尾辞,動詞性接尾辞,母音動詞,タ系条件形,かける,かけたら,*
かけて,1124,1124,12428,接尾辞,動詞性接尾辞,母音動詞,タ系連用テ形,かける,かけて,*
かけたり,1122,1122,12428,接尾辞,動詞性接尾辞,母音動詞,タ系連用タリ形,かける,かけたり,*
かけちゃ,1123,1123,12428,接尾辞,動詞性接尾辞,母音動詞,タ系連用チャ形,かける,かけちゃ,*
かけりゃ,1126,1126,12428,接尾辞,動詞性接尾辞,母音動詞,音便条件形,かける,かけりゃ,*
かけよ,1131,1131,12428,接尾辞,動詞性接尾辞,母音動詞,文語命令形,かける,かけよ,*
かね,1130,1130,11321,接尾辞,動詞性接尾辞,母音動詞,語幹,かねる,かね,*
かねる,1127,1127,11321,接尾辞,動詞性接尾辞,母音動詞,基本形,かねる,かねる,*
かね,1132,1132,11321,接尾辞,動詞性接尾辞,母音動詞,未然形,かねる,かね,*
かねよう,1125,1125,11321,接尾辞,動詞性接尾辞,母音動詞,意志形,かねる,かねよう,*
かねろ,1133,1133,11321,接尾辞,動詞性接尾辞,母音動詞,命令形,かねる,かねろ,*
かねれば,1128,1128,11321,接尾辞,動詞性接尾辞,母音動詞,基本条件形,かねる,かねれば,*
かね,1129,1129,11321,接尾辞,動詞性接尾辞,母音動詞,基本連用形,かねる,かね,*
かねた,1119,1119,11321,接尾辞,動詞性接尾辞,母音動詞,タ形,かねる,かねた,*
かねたろう,1121,1121,11321,接尾辞,動詞性接尾辞,母音動詞,タ系推量形,かねる,かねたろう,*
かねたら,1120,1120,11321,接尾辞,動詞性接尾辞,母音動詞,タ系条件形,かねる,かねたら,*
かねて,1124,1124,11321,接尾辞,動詞性接尾辞,母音動詞,タ系連用テ形,かねる,かねて,*
かねたり,1122,1122,11321,接尾辞,動詞性接尾辞,母音動詞,タ系連用タリ形,かねる,かねたり,*
かねちゃ,1123,1123,11321,接尾辞,動詞性接尾辞,母音動詞,タ系連用チャ形,かねる,かねちゃ,*
かねりゃ,1126,1126,11321,接尾辞,動詞性接尾辞,母音動詞,音便条件形,かねる,かねりゃ,*
かねよ,1131,1131,11321,接尾辞,動詞性接尾辞,母音動詞,文語命令形,かねる,かねよ,*
あぐ,1050,1050,12215,接尾辞,動詞性接尾辞,子音動詞マ行,語幹,あぐむ,あぐ,*
あぐむ,1047,1047,12215,接尾辞,動詞性接尾辞,子音動詞マ行,基本形,あぐむ,あぐむ,*
あぐま,1051,1051,12215,接尾辞,動詞性接尾辞,子音動詞マ行,未然形,あぐむ,あぐま,*
あぐもう,1045,1045,12215,接尾辞,動詞性接尾辞,子音動詞マ行,意志形,あぐむ,あぐもう,*
あぐめ,1052,1052,12215,接尾辞,動詞性接尾辞,子音動詞マ行,命令形,あぐむ,あぐめ,*
あぐめば,1048,1048,12215,接尾辞,動詞性接尾辞,子音動詞マ行,基本条件形,あぐむ,あぐめば,*
あぐみ,1049,1049,12215,接尾辞,動詞性接尾辞,子音動詞マ行,基本連用形,あぐむ,あぐみ,*
あぐんだ,1039,1039,12215,接尾辞,動詞性接尾辞,子音動詞マ行,タ形,あぐむ,あぐんだ,*
あぐんだろう,1041,1041,12215,接尾辞,動詞性接尾辞,子音動詞マ行,タ系推量形,あぐむ,あぐんだろう,*
あぐんだら,1040,1040,12215,接尾辞,動詞性接尾辞,子音動詞マ行,タ系条件形,あぐむ,あぐんだら,*
あぐんで,1044,1044,12215,接尾辞,動詞性接尾辞,子音動詞マ行,タ系連用テ形,あぐむ,あぐんで,*
あぐんだり,1042,1042,12215,接尾辞,動詞性接尾辞,子音動詞マ行,タ系連用タリ形,あぐむ,あぐんだり,*
あぐんじゃ,1043,1043,12215,接尾辞,動詞性接尾辞,子音動詞マ行,タ系連用チャ形,あぐむ,あぐんじゃ,*
あぐみゃ,1046,1046,12215,接尾辞,動詞性接尾辞,子音動詞マ行,音便条件形,あぐむ,あぐみゃ,*
あぐね,1130,1130,12367,接尾辞,動詞性接尾辞,母音動詞,語幹,あぐねる,あぐね,*
あぐねる,1127,1127,12367,接尾辞,動詞性接尾辞,母音動詞,基本形,あぐねる,あぐねる,*
あぐね,1132,1132,12367,接尾辞,動詞性接尾辞,母音動詞,未然形,あぐねる,あぐね,*
あぐねよう,1125,1125,12367,接尾辞,動詞性接尾辞,母音動詞,意志形,あぐねる,あぐねよう,*
あぐねろ,1133,1133,12367,接尾辞,動詞性接尾辞,母音動詞,命令形,あぐねる,あぐねろ,*
あぐねれば,1128,1128,12367,接尾辞,動詞性接尾辞,母音動詞,基本条件形,あぐねる,あぐねれば,*
あぐね,1129,1129,12367,接尾辞,動詞性接尾辞,母音動詞,基本連用形,あぐねる,あぐね,*
あぐねた,1119,1119,12367,接尾辞,動詞性接尾辞,母音動詞,タ形,あぐねる,あぐねた,*
あぐねたろう,1121,1121,12367,接尾辞,動詞性接尾辞,母音動詞,タ系推量形,あぐねる,あぐねたろう,*
あぐねたら,1120,1120,12367,接尾辞,動詞性接尾辞,母音動詞,タ系条件形,あぐねる,あぐねたら,*
あぐねて,1124,1124,12367,接尾辞,動詞性接尾辞,母音動詞,タ系連用テ形,あぐねる,あぐねて,*
あぐねたり,1122,1122,12367,接尾辞,動詞性接尾辞,母音動詞,タ系連用タリ形,あぐねる,あぐねたり,*
あぐねちゃ,1123,1123,12367,接尾辞,動詞性接尾辞,母音動詞,タ系連用チャ形,あぐねる,あぐねちゃ,*
あぐねりゃ,1126,1126,12367,接尾辞,動詞性接尾辞,母音動詞,音便条件形,あぐねる,あぐねりゃ,*
あぐねよ,1131,1131,12367,接尾辞,動詞性接尾辞,母音動詞,文語命令形,あぐねる,あぐねよ,*
そびれ,1130,1130,12367,接尾辞,動詞性接尾辞,母音動詞,語幹,そびれる,そびれ,*
そびれる,1127,1127,12367,接尾辞,動詞性接尾辞,母音動詞,基本形,そびれる,そびれる,*
そびれ,1132,1132,12367,接尾辞,動詞性接尾辞,母音動詞,未然形,そびれる,そびれ,*
そびれよう,1125,1125,12367,接尾辞,動詞性接尾辞,母音動詞,意志形,そびれる,そびれよう,*
そびれろ,1133,1133,12367,接尾辞,動詞性接尾辞,母音動詞,命令形,そびれる,そびれろ,*
そびれれば,1128,1128,12367,接尾辞,動詞性接尾辞,母音動詞,基本条件形,そびれる,そびれれば,*
そびれ,1129,1129,12367,接尾辞,動詞性接尾辞,母音動詞,基本連用形,そびれる,そびれ,*
そびれた,1119,1119,12367,接尾辞,動詞性接尾辞,母音動詞,タ形,そびれる,そびれた,*
そびれたろう,1121,1121,12367,接尾辞,動詞性接尾辞,母音動詞,タ系推量形,そびれる,そびれたろう,*
そびれたら,1120,1120,12367,接尾辞,動詞性接尾辞,母音動詞,タ系条件形,そびれる,そびれたら,*
そびれて,1124,1124,12367,接尾辞,動詞性接尾辞,母音動詞,タ系連用テ形,そびれる,そびれて,*
そびれたり,1122,1122,12367,接尾辞,動詞性接尾辞,母音動詞,タ系連用タリ形,そびれる,そびれたり,*
そびれちゃ,1123,1123,12367,接尾辞,動詞性接尾辞,母音動詞,タ系連用チャ形,そびれる,そびれちゃ,*
そびれりゃ,1126,1126,12367,接尾辞,動詞性接尾辞,母音動詞,音便条件形,そびれる,そびれりゃ,*
そびれよ,1131,1131,12367,接尾辞,動詞性接尾辞,母音動詞,文語命令形,そびれる,そびれよ,*
め,1008,1008,12774,接尾辞,動詞性接尾辞,子音動詞カ行,語幹,めく,め,*
めく,1005,1005,12774,接尾辞,動詞性接尾辞,子音動詞カ行,基本形,めく,めく,*
めか,1009,1009,12774,接尾辞,動詞性接尾辞,子音動詞カ行,未然形,めく,めか,*
めこう,1003,1003,12774,接尾辞,動詞性接尾辞,子音動詞カ行,意志形,めく,めこう,*
めけ,1010,1010,12774,接尾辞,動詞性接尾辞,子音動詞カ行,命令形,めく,めけ,*
めけば,1006,1006,12774,接尾辞,動詞性接尾辞,子音動詞カ行,基本条件形,めく,めけば,*
めき,1007,1007,12774,接尾辞,動詞性接尾辞,子音動詞カ行,基本連用形,めく,めき,*
めいた,997,997,12774,接尾辞,動詞性接尾辞,子音動詞カ行,タ形,めく,めいた,*
めいたろう,999,999,12774,接尾辞,動詞性接尾辞,子音動詞カ行,タ系推量形,めく,めいたろう,*
めいたら,998,998,12774,接尾辞,動詞性接尾辞,子音動詞カ行,タ系条件形,めく,めいたら,*
めいて,1002,1002,12774,接尾辞,動詞性接尾辞,子音動詞カ行,タ系連用テ形,めく,めいて,*
めいたり,1000,1000,12774,接尾辞,動詞性接尾辞,子音動詞カ行,タ系連用タリ形,めく,めいたり,*
めいちゃ,1001,1001,12774,接尾辞,動詞性接尾辞,子音動詞カ行,タ系連用チャ形,めく,めいちゃ,*
めきゃ,1004,1004,12774,接尾辞,動詞性接尾辞,子音動詞カ行,音便条件形,めく,めきゃ,*
